;Unnamed: 0;ident;name;Unnamed: 3;cas;sets;exp;Skin Permeation Rate as a Function of Chemical Structure;In Silico Predictions of Human Skin Permeability using Nonlinear Quantitative Structure?Property Relationship Models;Linear and nonlinear quantitative structure-property relationship modelling of skin permeability;average;std;std/aver;smiles;ident.1;exper;set;duplicate_ident;duplicate_name;DEBUG_set;smile;logP;PSA;MolWt;RingCount;HeavyAtomCount;NumRotatableBonds
0;406.0;cmpd48;triamcinolone;36;;Training;-8.95641942869;;-8.96;-8.95630250077;-8.95757397649;0.00210181126634744;0.000234640681937381;[C@]23([C@H]([C@H]1[C@]([C@](C(CO)=O)(O)[C@@H](C1)O)(C)C[C@@H]2O)CCC4=CC(=O)C=C[C@]34C)F;cmpd48;-8.95820971435;Training;#SAKNAS!;#SAKNAS!;test;[C@]23([C@H]([C@H]1[C@]([C@](C(CO)=O)(O)[C@@H](C1)O)(C)C[C@@H]2O)CCC4=CC(=O)C=C[C@]34C)F;0.6205;115.06;394.439;4.0;28.0;2.0
1;142.0;cmpd42;cytarabine;46;;Training;-8.85626305109;;-8.86;;-8.85813152555;0.00264242191444458;0.00029830466016724;[C@@H]2(N1C(N=C(N)C=C1)=O)O[C@H](CO)[C@H]([C@@H]2O)O;cmpd42;-8.85813152555;Training;#SAKNAS!;#SAKNAS!;test;[C@@H]2(N1C(N=C(N)C=C1)=O)O[C@H](CO)[C@H]([C@@H]2O)O;-2.563;130.83;243.219;2.0;17.0;2.0
2;284.0;cmpd38;morphine;43;57-27-2;Training;-8.58781955221;-8.3;-8.59;-7.80630250077;-8.32103051325;0.369191994060681;0.044368542270457;[C@@]125C3=C4C[C@H]([C@@H]1C=CC([C@@H]2OC3=C(C=C4)O)O)N(C)CC5;cmpd38;-8.58890977611;Training;#SAKNAS!;#SAKNAS!;test;[C@@]125C3=C4C[C@H]([C@@H]1C=CC([C@@H]2OC3=C(C=C4)O)O)N(C)CC5;1.1981;52.93;285.343;5.0;21.0;0.0
3;409.0;cmpd156;triglycol nicotinate;33;;Training;-8.55630250077;;-8.56;;-8.55815125038;0.00261452678088201;0.000305501352382012;c2cnccc2C(=O)OCCOCCOCCO;cmpd156;-8.55815125038;Training;#SAKNAS!;#SAKNAS!;test;c2cnccc2C(=O)OCCOCCOCCO;0.2639;77.88;255.27;1.0;18.0;9.0
4;155.0;cmpd53;digitoxin;42;71-63-6;Training;-8.44235914846;-8.37;;;-8.40617957423;0.0511656445572694;0.0060866704197138;[C@]68([C@H]5[C@@H]([C@@]4([C@@H](C[C@@H](O[C@H]3C[C@@H]([C@H](O[C@H]2C[C@@H]([C@H](O[C@H]1C[C@@H]([C@H](O)[C@H](O1)C)O)[C@H](O2)C)O)[C@H](O3)C)O)CC4)CC5)C)CC[C@@]6([C@@H](C7=CC(=O)OC7)CC8)C)O;cmpd53;-8.44235914846;Training;#SAKNAS!;#SAKNAS!;test;[C@]68([C@H]5[C@@H]([C@@]4([C@@H](C[C@@H](O[C@H]3C[C@@H]([C@H](O[C@H]2C[C@@H]([C@H](O[C@H]1C[C@@H]([C@H](O)[C@H](O1)C)O)[C@H](O2)C)O)[C@H](O3)C)O)CC4)CC5)C)CC[C@@]6([C@@H](C7=CC(=O)OC7)CC8)C)O;3.2473;182.83;764.95;8.0;54.0;7.0
5;214.0;cmpd39;hydromorphone;43;466-99-9;Training;-8.38021124171;-8.03;-8.38;-7.62630250077;-8.10412843562;0.358766165646568;0.044269555757495;[C@@]125C3=C4C[C@H]([C@@H]1CCC([C@@H]2OC3=C(C=C4)O)=O)N(C)CC5;cmpd39;-8.38010562086;Training;#SAKNAS!;#SAKNAS!;test;[C@@]125C3=C4C[C@H]([C@@H]1CCC([C@@H]2OC3=C(C=C4)O)=O)N(C)CC5;1.6303;49.77;285.343;5.0;21.0;0.0
6;259.0;cmpd194;L-alanyl-L-tryptophan;16;;Training;-8.38021124171;;-8.38;;-8.38010562086;0.000149370446748271;0.0000178244109926883;N[C@@H](C)C(=O)N[C@@H](CC1=C[NH]C2=CC=CC=C12)C(=O)O;cmpd194;-8.38010562086;Training;#SAKNAS!;#SAKNAS!;test;N[C@@H](C)C(=O)N[C@@H](CC1=C[NH]C2=CC=CC=C12)C(=O)O;0.627;108.21;275.308;2.0;20.0;5.0
7;358.0;cmpd50;raffinose;70;;Training;-8.37;;-8.37;;-8.37;0;0;[C@]3(O[C@H]1O[C@@H]([C@@H](O)[C@H](O)[C@H]1O)CO[C@H]2O[C@@H]([C@H](O)[C@H](O)[C@H]2O)CO)(O[C@@H]([C@@H](O)[C@@H]3O)CO)CO;cmpd50;-8.37;Training;#SAKNAS!;#SAKNAS!;test;[C@]3(O[C@H]1O[C@@H]([C@@H](O)[C@H](O)[C@H]1O)CO[C@H]2O[C@@H]([C@H](O)[C@H](O)[C@H]2O)CO)(O[C@@H]([C@@H](O)[C@@H]3O)CO)CO;-7.5714;268.68;504.438;3.0;34.0;8.0
8;186.0;cmpd136;famotidine;55;;Training;-8.34530250077;;-8.35;-8.34630250077;-8.34720166718;0.00247446962725359;0.000296443014787026;C1=C(N=C(S1)N=C(N)N)CSCCC(=N[S](=O)(=O)N)N;cmpd136;-8.34765125038;Training;#SAKNAS!;#SAKNAS!;test;C1=C(N=C(S1)N=C(N)N)CSCCC(=N[S](=O)(=O)N)N;-0.768;175.83;337.456;1.0;20.0;7.0
9;407.0;cmpd40;triamcinolone acetonide;36;;Training;-8.25095113132;;-8.25;-8.24630250077;-8.24908454403;0.00245580663553213;0.000297706566398285;[C@@]45([C@@]3([C@H]([C@H]2[C@]([C@@]1(C(=CC(=O)C=C1)CC2)C)(F)[C@H](C3)O)C[C@H]4OC(O5)(C)C)C)C(CO)=O;cmpd40;-8.25047556566;Training;#SAKNAS!;#SAKNAS!;test;[C@@]45([C@@]3([C@H]([C@H]2[C@]([C@@]1(C(=CC(=O)C=C1)CC2)C)(F)[C@H](C3)O)C[C@H]4OC(O5)(C)C)C)C(CO)=O;2.4188;93.06;434.504;5.0;31.0;2.0
10;377.0;cmpd2;sucrose;70;57-50-1;Test;-8.24;-8.84;-8.24;-8.83630250077;-8.53907562519;0.345346084426336;0.0404430291503102;[C@]2(O[C@H]1O[C@@H]([C@@H](O)[C@@H]([C@H]1O)O)CO)(O[C@H](CO)[C@H]([C@@H]2O)O)CO;cmpd2;-8.24;Training;#SAKNAS!;#SAKNAS!;test;[C@]2(O[C@H]1O[C@@H]([C@@H](O)[C@@H]([C@H]1O)O)CO)(O[C@H](CO)[C@H]([C@@H]2O)O)CO;-5.3956;189.53;342.297;2.0;23.0;5.0
11;213.0;cmpd208;hydrocortisone succinamate;62;;Training;-8.1413291528;;-8.14;;-8.1406645764;0.000939852955616255;0.00011545162520774;OC(=O)CCC(=O)OCC(=O)[C@@]1(O)CC[C@H]2[C@H]4[C@H]([C@@H](O)C[C@]12C)[C@@]3(/C(=C\C(=O)CC3)CC4)C;cmpd208;-8.1406645764;Training;#SAKNAS!;#SAKNAS!;test;OC(=O)CCC(=O)OCC(=O)[C@@]1(O)CC[C@H]2[C@H]4[C@H]([C@@H](O)C[C@]12C)[C@@]3(/C(=C\C(=O)CC3)CC4)C;2.1973;138.2;462.539;4.0;33.0;6.0
12;66.0;cmpd55;aldosterone;24;52-39-1;Training;-8.07918124605;-8.17;-8.08;-8.24630250077;-8.1438709367;0.0804968030376395;0.00988434169245576;[C@H]23[C@@H]([C@@]1(C(=CC(=O)CC1)CC2)C)[C@@H](O)C[C@]4([C@H]3CC[C@@H]4C(=O)CO)C=O;cmpd55;-8.07959062302;Training;#SAKNAS!;#SAKNAS!;test;[C@H]23[C@@H]([C@@]1(C(=CC(=O)CC1)CC2)C)[C@@H](O)C[C@]4([C@H]3CC[C@@H]4C(=O)CO)C=O;1.8457;91.67;360.45;4.0;26.0;3.0
13;312.0;cmpd135;nizatidine;55;;Training;-7.98130250077;;-7.98;;-7.98065125038;0.000921007125051279;0.000115405008458051;C1=C(N=C(S1)CN(C)C)CSCCN\C(=C\[N+](=O)[O-])NC;cmpd135;-7.98065125038;Training;#SAKNAS!;#SAKNAS!;test;C1=C(N=C(S1)CN(C)C)CSCCN\C(=C\[N+](=O)[O-])NC;1.3225;83.33;331.467;1.0;21.0;10.0
14;266.0;cmpd72;mannitol;70;;Training;-7.94;;-7.94;-8.51630250077;-8.13210083359;0.332728403952649;0.040915430189741;C(C(C(C(C(CO)O)O)O)O)O;cmpd72;-7.94;Training;#SAKNAS!;#SAKNAS!;test;C(C(C(C(C(CO)O)O)O)O)O;-3.5854;121.38;182.172;0.0;12.0;5.0
15;352.0;cmpd57;prednisolone;36;;Training;-7.9062865483;;-7.91;-7.90630250077;-7.90752968302;0.00213937212826874;0.000270548731908325;[C@H]34[C@H]2[C@@H]([C@@]1(C(=CC(=O)C=C1)CC2)C)[C@@H](O)C[C@@]3([C@](C(CO)=O)(O)CC4)C;cmpd57;-7.90814327415;Training;#SAKNAS!;#SAKNAS!;test;[C@H]34[C@H]2[C@@H]([C@@]1(C(=CC(=O)C=C1)CC2)C)[C@@H](O)C[C@@]3([C@](C(CO)=O)(O)CC4)C;1.5576;94.83;360.45;4.0;26.0;2.0
16;298.0;cmpd109;naproxen glucoside;59;;Training;-7.88605664769;;-7.89;;-7.88802832385;0.00278837115677368;0.000353494059896318;C[C@@H](c1ccc2cc(ccc2c1)OC)C(=O)OC1OC(CO)C(O)C(O)C1(O);cmpd109;-7.88802832385;Training;#SAKNAS!;#SAKNAS!;test;C[C@@H](c1ccc2cc(ccc2c1)OC)C(=O)OC1OC(CO)C(O)C(O)C1(O);0.295;125.68;392.404;3.0;28.0;5.0
17;131.0;cmpd37;codeine;43;76-57-3;Training;-7.86610642074;-7.58;-7.87;-7.57630250077;-7.72310223038;0.167389328745486;0.0216738460468787;[C@@]125C3=C4C[C@H]([C@@H]1C=C[C@@H]([C@@H]2OC3=C(C=C4)OC)O)N(C)CC5;cmpd37;-7.86805321037;Training;#SAKNAS!;#SAKNAS!;test;[C@@]125C3=C4C[C@H]([C@@H]1C=C[C@@H]([C@@H]2OC3=C(C=C4)OC)O)N(C)CC5;1.5011;41.93;299.37;5.0;22.0;1.0
18;362.0;cmpd3;scopolamine;42;51-34-3;Test;-7.85733249643;-7.87;-7.86;-7.85630250077;-7.8609087493;0.00625789567151488;0.000796077892657439;[C@H]14[C@H]([C@@H]2CC(C[C@H]1N2C)OC([C@@H](C3=CC=CC=C3)CO)=O)O4;cmpd3;-7.85866624822;Training;#SAKNAS!;#SAKNAS!;test;[C@H]14[C@H]([C@@H]2CC(C[C@H]1N2C)OC([C@@H](C3=CC=CC=C3)CO)=O)O4;0.9181;62.3;303.358;4.0;22.0;4.0
19;201.0;cmpd31;histidine;27;;Test;-7.81247927916;;-7.81;-7.81630250077;-7.81292725998;0.00317504237567116;0.000406383199282535;N[C@@H](CC1=C[NH]C=N1)C(=O)O;cmpd31;-7.81123963958;Training;#SAKNAS!;#SAKNAS!;test;N[C@@H](CC1=C[NH]C=N1)C(=O)O;-0.6359;92.0;155.157;1.0;11.0;3.0
20;146.0;cmpd5;dexamethasone;18;1950-02-02;Test;-7.75012252678;-7.53;-7.75;-7.52630250077;-7.63910625689;0.128128707595045;0.0167727353549402;[C@H]34[C@H]2[C@@](F)([C@@]1(C(=CC(=O)C=C1)CC2)C)[C@@H](O)C[C@@]3([C@](O)([C@@H](C4)C)C(=O)CO)C;cmpd5;-7.75006126339;Training;#SAKNAS!;#SAKNAS!;test;[C@H]34[C@H]2[C@@](F)([C@@]1(C(=CC(=O)C=C1)CC2)C)[C@@H](O)C[C@@]3([C@](O)([C@@H](C4)C)C(=O)CO)C;1.8957;94.83;392.467;4.0;28.0;2.0
21;260.0;cmpd54;levodopa;25;;Training;-7.73675856523;;-7.74;;-7.73837928261;0.00229204050987937;0.00029619128581993;[C@H](CC1=CC(=C(C=C1)O)O)(C(O)=O)N;cmpd54;-7.73837928261;Training;#SAKNAS!;#SAKNAS!;test;[C@H](CC1=CC(=C(C=C1)O)O)(C(O)=O)N;0.0522;103.78;197.19;1.0;14.0;3.0
22;243.0;cmpd164;ketoprofen glucoside;59;;Training;-7.730876383;;-7.73;;-7.7304381915;0.000619696361834475;0.000080163161063222;CC(c1cccc(c1)C(=O)c2ccccc2)C(=O)OC1OC(CO)C(O)C(O)C1(O);cmpd164;-7.7304381915;Training;#SAKNAS!;#SAKNAS!;test;CC(c1cccc(c1)C(=O)c2ccccc2)C(=O)OC1OC(CO)C(O)C(O)C1(O);0.3642;133.52;416.426;3.0;30.0;6.0
23;210.0;cmpd167;hydrocortisone N.N-dimethylsuccinate;62;;Training;-7.73022769807;;-7.73;;-7.73011384903;0.00016100684685658;0.000020828522063322;CC12CCC(=O)C=C1CCC3C2C(CC4(C3CCC4(C(=O)C(OC(=O)C(CC(=O)N(C)C)))O)C)O;cmpd167;-7.73011384903;Training;#SAKNAS!;#SAKNAS!;test;CC12CCC(=O)C=C1CCC3C2C(CC4(C3CCC4(C(=O)C(OC(=O)C(CC(=O)N(C)C)))O)C)O;2.2009;121.21;489.609;4.0;35.0;6.0
24;49.0;cmpd9;5-aminolevulinic Acid;16;;Test;-7.71120446075;;-7.71;;-7.71060223038;0.000851682366140522;0.000110456011177085;C(C(CN)=O)CC(O)=O;cmpd9;-7.71060223038;Training;#SAKNAS!;#SAKNAS!;test;C(C(CN)=O)CC(O)=O;-0.621;80.39;131.131;0.0;9.0;4.0
25;299.0;cmpd19;naproxen mannoside;59;;Test;-7.70017805652;;-7.7;;-7.70008902826;0.000125904976254965;0.0000163511065642023;C[C@@H](c1ccc2cc(ccc2c1)OC)C(=O)O[C@H]1O[C@H](CO)[C@@H](O)[C@H](O)[C@@H]1O;cmpd19;-7.70008902826;Training;#SAKNAS!;#SAKNAS!;test;C[C@@H](c1ccc2cc(ccc2c1)OC)C(=O)O[C@H]1O[C@H](CO)[C@@H](O)[C@H](O)[C@@H]1O;0.295;125.68;392.404;3.0;28.0;5.0
26;132.0;cmpd108;cortexolone;44;152-58-9;Training;-7.68124123738;-7.68;-7.68;-7.68630250077;-7.68188593454;0.00300195435520324;0.000390783510818255;C(O)C(=O)C4(O)C3(C(C2C(C1(C(=CC(=O)CC1)CC2)C)CC3)CC4)C;cmpd108;-7.68062061869;Training;#SAKNAS!;#SAKNAS!;test;C(O)C(=O)C4(O)C3(C(C2C(C1(C(=CC(=O)CC1)CC2)C)CC3)CC4)C;2.8108;74.6;346.467;4.0;25.0;2.0
27;161.0;cmpd189;dipropylene glycol mono methyl ether;49;;Training;-7.65321251378;;-7.65;;-7.65160625689;0.00227159027519814;0.000296877570399463;COC(C)COCC(C)O;cmpd189;-7.65160625689;Training;#SAKNAS!;#SAKNAS!;test;COC(C)COCC(C)O;0.4187;38.69;148.202;0.0;10.0;5.0
28;239.0;cmpd132;ketobemidone;67;;Training;-7.61181982862;;;;-7.61181982862;#DIVISION/0!;#DIVISION/0!;C1=C(C=CC=C1C2(CCN(C)CC2)C(CC)=O)O;cmpd132;-7.61181982862;Training;#SAKNAS!;#SAKNAS!;test;C1=C(C=CC=C1C2(CCN(C)CC2)C(CC)=O)O;2.3347;40.54;247.338;2.0;18.0;3.0
29;359.0;cmpd23;ranitidine;55;;Test;-7.60830250077;;-7.61;-7.60630250077;-7.60820166718;0.00185081082325843;0.000243265216173598;C1=C(OC(=C1)CSCCN\C(=C\[N+](=O)[O-])NC)CN(C)C;cmpd23;-7.60915125038;Training;#SAKNAS!;#SAKNAS!;test;C1=C(OC(=C1)CSCCN\C(=C\[N+](=O)[O-])NC)CN(C)C;1.459;83.58;314.411;1.0;21.0;10.0
30;244.0;cmpd165;ketoprofen mannoside;59;;Training;-7.5939331651;;-7.59;;-7.59196658255;0.00278116771180589;0.000366330341627011;CC(c1cccc(c1)C(=O)c2ccccc2)C(=O)OC1OC(CO)C(O)C(O)C1(O);cmpd165;-7.59196658255;Training;#SAKNAS!;#SAKNAS!;test;CC(c1cccc(c1)C(=O)c2ccccc2)C(=O)OC1OC(CO)C(O)C(O)C1(O);0.3642;133.52;416.426;3.0;30.0;6.0
31;72.0;cmpd195;aspartic acid;27;;Training;-7.58502665203;;-7.59;-7.42630250077;-7.53377638427;0.0931083254770928;0.0123587853857134;N[C@@H](CC(=O)O)C(=O)O;cmpd195;-7.58751332601;Training;#SAKNAS!;#SAKNAS!;test;N[C@@H](CC(=O)O)C(=O)O;-1.127;100.62;133.103;0.0;9.0;3.0
32;74.0;cmpd80;barbital;26;57-44-3;Training;-7.50863743758;-7.47;-7.51;-7.46630250077;-7.48873498459;0.0238224298598808;0.00318110200306393;C(C1(C(NC(=O)NC1=O)=O)CC)C;cmpd80;-7.50931871879;Training;#SAKNAS!;#SAKNAS!;test;C(C1(C(NC(=O)NC1=O)=O)CC)C;0.1588;75.27;184.195;1.0;13.0;2.0
33;410.0;cmpd32;urea;70;57-13-6;Test;-7.45;-7.39;-7.45;-7.38630250077;-7.41907562519;0.035740283431979;0.00481734992842251;NC(=O)N;cmpd32;-7.45;Training;#SAKNAS!;#SAKNAS!;test;NC(=O)N;-0.9762;69.11;60.056;0.0;4.0;0.0
34;153.0;cmpd107;diethylcarbamazine;42;90-89-1;Training;-7.44235914846;-7.01;;;-7.22617957423;0.305724085784426;0.0423078450575307;C(N(C(N1CCN(C)CC1)=O)CC)C;cmpd107;-7.44235914846;Training;#SAKNAS!;#SAKNAS!;test;C(N(C(N1CCN(C)CC1)=O)CC)C;0.6956;26.79;199.298;1.0;14.0;2.0
35;177.0;cmpd139;ethacrynic acid;7;;Training;-7.38021124171;;-7.38;;-7.38010562086;0.000149370446748899;0.0000202396082688554;C1=CC(=C(C(=C1C(C(CC)=C)=O)Cl)Cl)OCC(O)=O;cmpd139;-7.38010562086;Training;#SAKNAS!;#SAKNAS!;test;C1=CC(=C(C(=C1C(C(CC)=C)=O)Cl)Cl)OCC(O)=O;3.6057;63.6;303.141;1.0;19.0;6.0
36;347.0;cmpd25;piroxicam;65;36322-90-4;Test;-7.36878177993;-7.37;-7.37;-7.36630250077;-7.36877107017;0.00174303247714064;0.000236543171248141;C2=C1[S](=O)(=O)N(C(/C(=O)C1=CC=C2)=C(/O)NC3=CC=CC=N3)C;cmpd25;-7.36939088997;Training;#SAKNAS!;#SAKNAS!;test;C2=C1[S](=O)(=O)N(C(/C(=O)C1=CC=C2)=C(/O)NC3=CC=CC=N3)C;1.7376;99.6;331.353;3.0;23.0;2.0
37;73.0;cmpd129;atenolol;28;;Training;-7.35;;-7.35;-7.85630250077;-7.51876750026;0.292313885109376;0.0388778992167842;C1=C(C=CC(=C1)CC(N)=O)OCC(CNC(C)C)O;cmpd129;-7.35;Training;#SAKNAS!;#SAKNAS!;test;C1=C(C=CC(=C1)CC(N)=O)OCC(CNC(C)C)O;0.4521;84.58;266.341;1.0;19.0;8.0
38;265.0;cmpd196;lysine;27;;Training;-7.32790214206;;-7.33;-6.86630250077;-7.17473488094;0.267112336120997;0.0372295758036229;N[C@@H](CCCCN)C(=O)O;cmpd196;-7.32895107103;Training;#SAKNAS!;#SAKNAS!;test;N[C@@H](CCCCN)C(=O)O;-0.4727;89.34;146.19;0.0;10.0;5.0
39;137.0;cmpd45;corticosterone;18;50-22-6;Training;-7.55630250077;-7.26;-7.08;-7.55630250077;-7.36315125038;0.234825908635215;0.0318920392437924;[C@@H]23[C@H]([C@H]1[C@]([C@@H](C(CO)=O)CC1)(C)C[C@@H]2O)CCC4=CC(=O)CC[C@]34C;cmpd45;-7.31815125038;Training;#SAKNAS!;#SAKNAS!;test;[C@@H]23[C@H]([C@H]1[C@]([C@@H](C(CO)=O)CC1)(C)C[C@@H]2O)CCC4=CC(=O)CC[C@]34C;2.6667;74.6;346.467;4.0;25.0;2.0
40;282.0;cmpd191;methyltriglycol nicotinate;33;;Training;-7.30630250077;;-7.31;;-7.30815125038;0.00261452678088076;0.000357754880995861;COCCOCCOCCOC(=O)c1cnccc1;cmpd191;-7.30815125038;Training;#SAKNAS!;#SAKNAS!;test;COCCOCCOCCOC(=O)c1cnccc1;0.918;66.88;269.297;1.0;19.0;10.0
41;308.0;cmpd147;nicorandil;25;;Training;-7.30344946979;;-7.3;-7.21630250077;-7.27325065685;0.049348698782261;0.00678495780092131;C1=CC=NC=C1C(NCCO[N+](=O)[O-])=O;cmpd147;-7.30172473489;Training;#SAKNAS!;#SAKNAS!;test;C1=CC=NC=C1C(NCCO[N+](=O)[O-])=O;0.0197;94.36;211.177;1.0;15.0;5.0
42;51.0;cmpd192;5-fluorouracil;18;51-21-8;Training;-7.29670862188;-6.82;-7.3;-6.81630250077;-7.05825278066;0.277252731698945;0.0392806464028248;FC1=CNC(NC1=O)=O;cmpd192;-7.29835431094;Training;#SAKNAS!;#SAKNAS!;test;FC1=CNC(NC1=O)=O;-0.7977;65.72;130.078;1.0;9.0;0.0
43;116.0;cmpd82;butobarbital;26;125-40-6;Training;-7.26761753169;-7.23;-7.27;-7.27630250077;-7.26098000811;0.0209758325751024;0.00288884317979993;C(C1(C(NC(=O)NC1=O)=O)CC)CCC;cmpd82;-7.26880876584;Training;#SAKNAS!;#SAKNAS!;test;C(C1(C(NC(=O)NC1=O)=O)CC)CCC;0.939;75.27;212.249;1.0;15.0;4.0
44;209.0;cmpd26;hydrocortisone methylsuccinate;62;;Test;-7.23408320603;;-7.23;;-7.23204160302;0.00288726267517742;0.000399232033451393;CC12CCC(=O)C=C1CCC3C2C(CC4(C3CCC4(C(=O)C(OC(=O)C(CC(=O)OC)))O)C)O;cmpd26;-7.23204160302;Training;#SAKNAS!;#SAKNAS!;test;CC12CCC(=O)C=C1CCC3C2C(CC4(C3CCC4(C(=O)C(OC(=O)C(CC(=O)OC)))O)C)O;2.2857;127.2;476.566;4.0;34.0;6.0
45;351.0;cmpd116;p-phenylenediamine;5;;Training;-7.17609125906;;-7.18;;-7.17804562953;0.00276389722763028;0.000385048712460203;C1(=CC=C(C=C1)N)N;cmpd116;-7.17804562953;Training;#SAKNAS!;#SAKNAS!;test;C1(=CC=C(C=C1)N)N;0.851;52.04;108.144;1.0;8.0;0.0
46;108.0;cmpd49;betamethasone;35;;Training;-7.15261016321;;-7.15;-7.16630250077;-7.15630422132;0.0087565650715924;0.00122361554243312;[C@]23([C@H]([C@H]1[C@]([C@](C(CO)=O)(O)[C@H](C1)C)(C)C[C@@H]2O)CCC4=CC(=O)C=C[C@]34C)F;cmpd49;-7.1513050816;Training;#SAKNAS!;#SAKNAS!;test;[C@]23([C@H]([C@H]1[C@]([C@](C(CO)=O)(O)[C@H](C1)C)(C)C[C@@H]2O)CCC4=CC(=O)C=C[C@]34C)F;1.8957;94.83;392.467;4.0;28.0;2.0
47;400.0;cmpd198;theophylline;89;;Training;-7.12493873661;;-7.12;;-7.1224693683;0.00349221414622304;0.000490309465108241;N1(C(C2=C(N(C1=O)C)N=C[NH]2)=O)C;cmpd198;-7.1224693683;Training;#SAKNAS!;#SAKNAS!;test;N1(C(C2=C(N(C1=O)C)N=C[NH]2)=O)C;-1.0397;72.68;180.167;2.0;13.0;0.0
48;54.0;cmpd149;acyclovir;20;;Training;-7.07918124605;;-7.08;;-7.07959062302;0.000578946471843855;0.0000817768290105702;C1=NC2=C([N]1COCCO)NC(=NC2=O)N;cmpd149;-7.07959062302;Training;#SAKNAS!;#SAKNAS!;test;C1=NC2=C([N]1COCCO)NC(=NC2=O)N;-1.3318;119.05;225.208;2.0;16.0;4.0
49;122.0;cmpd197;caffeine;39;1958-08-02;Training;-7.0530567293;-6.46;-7.05;-7.51630250077;-7.01983980752;0.432785095620408;0.0616517053789389;N1(C(C2=C(N(C1=O)C)N=C[N]2C)=O)C;cmpd197;-7.05152836465;Training;#SAKNAS!;#SAKNAS!;test;N1(C(C2=C(N(C1=O)C)N=C[N]2C)=O)C;-1.0293;61.82;194.194;2.0;14.0;0.0
50;154.0;cmpd205;diethylene glycol mono n-butyl ether acetate;49;;Training;-7.05115252245;;-7.05;;-7.05057626122;0.000814956438012004;0.000115587209870213;O=C(OCCOCCOCCCC)C;cmpd205;-7.05057626122;Training;#SAKNAS!;#SAKNAS!;test;O=C(OCCOCCOCCCC)C;1.3828;44.76;204.266;0.0;14.0;9.0
51;198.0;cmpd157;haloperidol;60;;Training;-7.02996322338;;-7.03;;-7.02998161169;0.0000260049992017599;3.69915607723944E-06;C3=C(C2(CCN(CCCC(C1=CC=C(F)C=C1)=O)CC2)O)C=CC(=C3)Cl;cmpd157;-7.02998161169;Training;#SAKNAS!;#SAKNAS!;test;C3=C(C2(CCN(CCCC(C1=CC=C(F)C=C1)=O)CC2)O)C=CC(=C3)Cl;4.4256;40.54;375.871;3.0;26.0;6.0
52;228.0;cmpd162;ibuprofen glucoside;59;;Training;-6.94457919276;;-6.94;;-6.94228959638;0.00323797825292091;0.000466413595683093;CC(C)Cc1ccc(cc1)C(C)C(=O)OC1OC(CO)C(O)C(O)C1(O);cmpd162;-6.94228959638;Training;#SAKNAS!;#SAKNAS!;test;CC(C)Cc1ccc(cc1)C(C)C(=O)OC1OC(CO)C(O)C(O)C1(O);0.3317;116.45;368.426;2.0;26.0;6.0
53;195.0;cmpd30;flurbiprofen mannoside;59;;Test;-6.93512621899;;-6.94;;-6.9375631095;0.00344628360059881;0.000496757081154555;Fc2cc(ccc2c1ccccc1)C(C(=O)OC1OC(CO)C(O)C(O)C1(O))C;cmpd30;-6.9375631095;Training;#SAKNAS!;#SAKNAS!;test;Fc2cc(ccc2c1ccccc1)C(C(=O)OC1OC(CO)C(O)C(O)C1(O))C;0.9393;116.45;406.406;3.0;29.0;5.0
54;182.0;cmpd204;ethylene glycol mono isopropyl ether;49;;Training;-6.91284982428;;-6.91;;-6.91142491214;0.00201513007435568;0.000291565067981266;O(C(C)C)CCO;cmpd204;-6.91142491214;Training;#SAKNAS!;#SAKNAS!;test;O(C(C)C)CCO;0.4037;29.46;104.149;0.0;7.0;3.0
55;43.0;cmpd209;4-hydroxyphenylacetamide;15;17194-82-0;Training;-6.90308998699;-6.89;-6.9;-6.88630250077;-6.89484812194;0.00797918363936428;0.00115726749860872;OC1=CC=C(C=C1)CC(=O)N;cmpd209;-6.9015449935;Training;#SAKNAS!;#SAKNAS!;test;OC1=CC=C(C=C1)CC(=O)N;0.42;63.32;151.165;1.0;11.0;2.0
56;325.0;cmpd111;o-phenylenediamine;5;;Training;-6.90308998699;;-6.9;;-6.9015449935;0.00218495075577889;0.000316588641795133;C1(=C(C=CC=C1)N)N;cmpd111;-6.9015449935;Training;#SAKNAS!;#SAKNAS!;test;C1(=C(C=CC=C1)N)N;0.851;52.04;108.144;1.0;8.0;0.0
57;133.0;cmpd60;cortexone;44;64-85-7;Training;-6.90308998699;-6.9;-6.9;;-6.90102999566;0.00178400482158892;0.000258512833984178;[C@H]34[C@H]2[C@@H]([C@@]1(C(=CC(=O)CC1)CC2)C)CC[C@@]3([C@@H](C(CO)=O)CC4)C;cmpd60;-6.9015449935;Training;#SAKNAS!;#SAKNAS!;test;[C@H]34[C@H]2[C@@H]([C@@]1(C(=CC(=O)CC1)CC2)C)CC[C@@]3([C@@H](C(CO)=O)CC4)C;3.6959;54.37;330.468;4.0;24.0;2.0
58;336.0;cmpd153;phenobarbital;26;1950-06-06;Training;-6.89965638031;-6.66;-6.9;-6.90630250077;-6.84148972027;0.121031715200682;0.0176908422214127;C2=C(C1(C(NC(=O)NC1=O)=O)CC)C=CC=C2;cmpd153;-6.89982819015;Training;#SAKNAS!;#SAKNAS!;test;C2=C(C1(C(NC(=O)NC1=O)=O)CC)C=CC=C2;0.7004;75.27;232.239;2.0;17.0;2.0
59;269.0;cmpd188;methanol;71;67-56-1;Training;-6.85733249643;-6.7;-6.86;-6.85630250077;-6.8184087493;0.0789545407952878;0.011579613909682;CO;cmpd188;-6.85866624822;Training;#SAKNAS!;#SAKNAS!;test;CO;-0.3915;20.23;32.042;0.0;2.0;0.0
60;20.0;cmpd62;2-nitro-p-phenylenediamine;5;;Training;-6.85733249643;-6.81;-6.86;;-6.84244416548;0.0281291094589024;0.00411097391204523;[N+](=O)([O-])C1=C(C=CC(=C1)N)N;cmpd62;-6.85866624822;Training;#SAKNAS!;#SAKNAS!;test;[N+](=O)([O-])C1=C(C=CC(=C1)N)N;0.7592;95.18;153.141;1.0;11.0;1.0
61;216.0;cmpd46;hydroxypregnenolone;44;12041-98-4;Training;-6.77815125038;-6.78;-6.78;-6.77630250077;-6.77861343779;0.00177004299815289;0.000261121690209637;[C@@H]23CC=C1CC(CC[C@@]1([C@H]2CC[C@]4([C@H]3CC[C@@H]4C(C)=O)C)C)(O)O;cmpd46;-6.77907562519;Training;#SAKNAS!;#SAKNAS!;test;[C@@H]23CC=C1CC(CC[C@@]1([C@H]2CC[C@]4([C@H]3CC[C@@H]4C(C)=O)C)C)(O)O;3.8353;57.53;332.484;4.0;24.0;1.0
62;217.0;cmpd4;hydroxyprogesterone;44;68-96-2;Test;-6.77815125038;-6.78;-6.78;;-6.77938375013;0.00106737608866963;0.00015744441206024;[C@H]24[C@H]1[C@@]([C@](C(C)=O)(O)CC1)(CC[C@@H]2[C@@]3(C(=CC(=O)CC3)CC4)C)C;cmpd4;-6.77907562519;Training;#SAKNAS!;#SAKNAS!;test;[C@H]24[C@H]1[C@@]([C@](C(C)=O)(O)CC1)(CC[C@@H]2[C@@]3(C(=CC(=O)CC3)CC4)C)C;3.8384;54.37;330.468;4.0;24.0;1.0
63;9.0;cmpd33;2-amino-4-nitrophenol;5;99-57-0;Test;-6.73675856523;-6.67;-6.74;-6.66630250077;-6.7032652665;0.0405958360375114;0.00605612853192648;NC1=C(C=CC(=C1)[N+](=O)[O-])O;cmpd33;-6.73837928261;Training;#SAKNAS!;#SAKNAS!;test;NC1=C(C=CC(=C1)[N+](=O)[O-])O;0.8826;89.39;154.125;1.0;11.0;1.0
64;317.0;cmpd24;nortriptyline;82;;Test;-7.0;;-6.44;;-6.72;0.395979797464466;0.0589255650988789;C1=CC=CC2=C1C(C3=C(CC2)C=CC=C3)=CCCNC;cmpd24;-6.72;Training;#SAKNAS!;#SAKNAS!;test;C1=CC=CC2=C1C(C3=C(CC2)C=CC=C3)=CCCNC;3.8264;12.03;263.384;3.0;20.0;3.0
65;141.0;cmpd92;cyclobarbitone;25;;Training;-6.64567809588;;-6.65;-6.64630250077;-6.64732686555;0.00233595937751987;0.000351413346262029;C(C2(C1=CCCCC1)C(NC(=O)NC2=O)=O)C;cmpd92;-6.64783904794;Training;#SAKNAS!;#SAKNAS!;test;C(C2(C1=CCCCC1)C(NC(=O)NC2=O)=O)C;1.2492;75.27;236.271;2.0;17.0;2.0
66;283.0;cmpd130;metoprolol;73;;Training;-6.63722440839;;-6.64;-6.63630250077;-6.63784230305;0.00192463516117197;0.000289948913110937;C1=C(C=CC(=C1)CCOC)OCC(CNC(C)C)O;cmpd130;-6.6386122042;Training;#SAKNAS!;#SAKNAS!;test;C1=C(C=CC(=C1)CCOC)OCC(CNC(C)C)O;1.6132;50.72;267.369;1.0;19.0;9.0
67;360.0;cmpd115;resorcinol;30;108-46-3;Training;-6.62630250077;-7.03;-6.63;-6.37630250077;-6.66565125038;0.270365213493303;0.0405609599628756;C1(=CC(=CC=C1)O)O;cmpd115;-6.62815125038;Training;#SAKNAS!;#SAKNAS!;test;C1(=CC(=CC=C1)O)O;1.0978;40.46;110.112;1.0;8.0;0.0
68;211.0;cmpd150;hydrocortisone pimelamate;62;;Training;-6.60691249412;;-6.61;;-6.60845624706;0.0021831963430257;0.000330364045914139;C1C(=O)C=C2CCC3C4CCC(O)(C(=O)COC(=O)CCCCCC(=O)N)C4(C)CC(O)C3C2(C)C1;cmpd150;-6.60845624706;Training;#SAKNAS!;#SAKNAS!;test;C1C(=O)C=C2CCC3C4CCC(O)(C(=O)COC(=O)CCCCCC(=O)N)C4(C)CC(O)C3C2(C)C1;2.7683;143.99;503.636;4.0;36.0;9.0
69;207.0;cmpd170;hydrocortisone hydroxyhexanoate;62;;Training;-6.59726110845;;-6.6;;-6.59863055422;0.00193668879063315;0.00029349859409748;CC12CCC(=O)C=C1CCC3C2C(CC4(C3CCC4(C(=O)COC(=O)CCCCCO)O)C)O;cmpd170;-6.59863055422;Training;#SAKNAS!;#SAKNAS!;test;CC12CCC(=O)C=C1CCC3C2C(CC4(C3CCC4(C(=O)COC(=O)CCCCCO)O)C)O;2.8852;121.13;476.61;4.0;34.0;8.0
70;311.0;cmpd20;nimesulide;55;;Test;-6.55130250077;;-6.55;;-6.55065125038;0.000921007125051279;0.000140597795524123;C1=C([N+](=O)[O-])C=CC(=C1OC2=CC=CC=C2)N[S](C)(=O)=O;cmpd20;-6.55065125038;Training;#SAKNAS!;#SAKNAS!;test;C1=C([N+](=O)[O-])C=CC(=C1OC2=CC=CC=C2)N[S](C)(=O)=O;2.7586;98.54;308.315;2.0;21.0;5.0
71;67.0;cmpd145;aminopyrine;25;;Training;-6.54770232901;;-6.55;-6.54630250077;-6.54800160992;0.00186682938300846;0.000285099102629889;C1=CC=CC=C1N2C(C(=C(N2C)C)N(C)C)=O;cmpd145;-6.5488511645;Training;#SAKNAS!;#SAKNAS!;test;C1=CC=CC=C1N2C(C(=C(N2C)C)N(C)C)=O;1.55042;30.17;231.299;2.0;17.0;2.0
72;229.0;cmpd163;ibuprofen mannoside;59;;Training;-6.54770232901;;-6.55;;-6.5488511645;0.00162469874123857;0.000248089122874721;CC(C)Cc1ccc(cc1)C(C)C(=O)OC1OC(CO)C(O)C(O)C1(O);cmpd163;-6.5488511645;Training;#SAKNAS!;#SAKNAS!;test;CC(C)Cc1ccc(cc1)C(C)C(=O)OC1OC(CO)C(O)C(O)C1(O);0.3317;116.45;368.426;2.0;26.0;6.0
73;184.0;cmpd95;ethylene glycol mono n-propyl ether;49;;Training;-6.54346527606;;;;-6.54346527606;#DIVISION/0!;#DIVISION/0!;C(CC)OCCO;cmpd95;-6.54346527606;Training;#SAKNAS!;#SAKNAS!;test;C(CC)OCCO;0.4053;29.46;104.149;0.0;7.0;4.0
74;107.0;cmpd160;bepridil;34;;Training;-6.5351132017;;;;-6.5351132017;#DIVISION/0!;#DIVISION/0!;C3=C(N(CC(N1CCCC1)COCC(C)C)CC2=CC=CC=C2)C=CC=C3;cmpd160;-6.5351132017;Training;#SAKNAS!;#SAKNAS!;test;C3=C(N(CC(N1CCCC1)COCC(C)C)CC2=CC=CC=C2)C=CC=C3;4.8302;15.71;366.549;3.0;27.0;10.0
75;125.0;cmpd186;chloroacetic acid;1;;Training;-6.51490981561;;-6.51;;-6.5124549078;0.00347176391154181;0.000533096038389648;ClCC(=O)O;cmpd186;-6.5124549078;Training;#SAKNAS!;#SAKNAS!;test;ClCC(=O)O;0.3098;37.3;94.497;0.0;5.0;1.0
76;215.0;cmpd117;hydroquinone;30;123-31-9;Training;-6.50630250077;-6.51;-6.51;-6.50630250077;-6.50815125038;0.00213475217733362;0.000328012072123828;C1(=CC=C(O)C=C1)O;cmpd117;-6.50815125038;Training;#SAKNAS!;#SAKNAS!;test;C1(=CC=C(O)C=C1)O;1.0978;40.46;110.112;1.0;8.0;0.0
77;109.0;cmpd1;betamethasone 17-valerate;36;;Test;-6.49630387062;;-6.5;;-6.49815193531;0.00261355815043761;0.000402200221917927;[C@]14([C@](OC(=O)CCCC)([C@H](CC1C3[C@@](F)([C@@]2(C(=CC(=O)C=C2)CC3)C)[C@@H](O)C4)C)C(=O)CO)C;cmpd1;-6.49815193531;Training;#SAKNAS!;#SAKNAS!;test;[C@]14([C@](OC(=O)CCCC)([C@H](CC1C3[C@@](F)([C@@]2(C(=CC(=O)C=C2)CC3)C)[C@@H](O)C4)C)C(=O)CO)C;3.6368;100.9;476.585;4.0;34.0;6.0
78;319.0;cmpd93;n-propanol;71;;Training;-6.47712125472;;-6.48;-6.46630250077;-6.47447458516;0.00722211991847643;0.00111547583104697;C(CC)O;cmpd93;-6.47856062736;Training;#SAKNAS!;#SAKNAS!;test;C(CC)O;0.3887;20.23;60.096;0.0;4.0;1.0
79;197.0;cmpd47;griseofulvin;45;;Training;-6.44235914846;;-6.44;-6.44630250077;-6.44288721641;0.00318426142132389;0.000494228955803225;[C@]13(OC2=C(C1=O)C(=CC(=C2Cl)OC)OC)[C@@H](CC(=O)CC3OC)C;cmpd47;-6.44117957423;Training;#SAKNAS!;#SAKNAS!;test;[C@]13(OC2=C(C1=O)C(=CC(=C2Cl)OC)OC)[C@@H](CC(=O)CC3OC)C;2.6851;71.06;354.786;3.0;24.0;3.0
80;324.0;cmpd105;oleic acid;7;;Training;-6.44235914846;;-6.44;;-6.44117957423;0.00166816987420964;0.000258985152484124;C(CCCCCCC\C=C/CCCCCCCC)(=O)O;cmpd105;-6.44117957423;Training;#SAKNAS!;#SAKNAS!;test;C(CCCCCCC\C=C/CCCCCCCC)(=O)O;6.1085;37.3;282.468;0.0;20.0;15.0
81;120.0;cmpd96;butyric acid;40;107-92-6;Training;-6.41017446509;-6.27;-6.41;-6.26630250077;-6.33911924146;0.0819607101020469;0.0129293529558402;C(CCC)(=O)O;cmpd96;-6.41008723254;Training;#SAKNAS!;#SAKNAS!;test;C(CCC)(=O)O;0.8711;37.3;88.106;0.0;6.0;2.0
82;111.0;cmpd69;bromoacetic acid;1;;Training;-6.41017446509;;-6.41;;-6.41008723254;0.000123365447547768;0.000019245517739826;BrCC(=O)O;cmpd69;-6.41008723254;Training;#SAKNAS!;#SAKNAS!;test;BrCC(=O)O;0.4659;37.3;138.948;0.0;5.0;1.0
83;4.0;cmpd190;1-methoxy-2-propanol;3;;Training;-6.39735169703;;-6.4;;-6.39867584851;0.0018726329895154;0.000292659455463768;COCC(C)O;cmpd190;-6.39867584851;Training;#SAKNAS!;#SAKNAS!;test;COCC(C)O;0.0136;29.46;90.122;0.0;6.0;2.0
84;354.0;cmpd44;progesterone;44;57-83-0;Training;-6.38021124171;-5.5;-6.38;-6.37630250077;-6.15912843562;0.439422622811827;0.0713449357981464;[C@@H]23[C@H]([C@H]1[C@]([C@@H](C(C)=O)CC1)(C)CC2)CCC4=CC(=O)CC[C@]34C;cmpd44;-6.38010562086;Training;#SAKNAS!;#SAKNAS!;test;[C@@H]23[C@H]([C@H]1[C@]([C@@H](C(C)=O)CC1)(C)CC2)CCC4=CC(=O)CC[C@]34C;4.7235;34.14;314.469;4.0;23.0;1.0
85;353.0;cmpd43;pregnenolone;44;145-13-1;Training;-6.38021124171;-6.38;-6.38;;-6.3800704139;0.000121960459062123;0.0000191158484389669;[C@@H]23[C@H]([C@H]1[C@]([C@@H](C(C)=O)CC1)(C)CC2)CC=C4[C@@]3(CC[C@@H](C4)O)C;cmpd43;-6.38010562086;Training;#SAKNAS!;#SAKNAS!;test;[C@@H]23[C@H]([C@H]1[C@]([C@@H](C(C)=O)CC1)(C)CC2)CC=C4[C@@]3(CC[C@@H](C4)O)C;4.5153;37.3;316.485;4.0;23.0;1.0
86;331.0;cmpd22;oxprenolol;73;;Test;-6.36878177993;;-6.37;-6.36630250077;-6.3683614269;0.00188424988981286;0.000295876719850409;C1=C(C(=CC=C1)OCC=C)OCC(CNC(C)C)O;cmpd22;-6.36939088997;Training;#SAKNAS!;#SAKNAS!;test;C1=C(C(=CC=C1)OCC=C)OCC(CNC(C)C)O;1.9891;50.72;265.353;1.0;19.0;9.0
87;112.0;cmpd67;bromochloroacetic acid;1;;Training;-6.35218251811;;-6.35;;-6.35109125906;0.00154327335660539;0.000242993415407929;BrC(C(=O)O)Cl;cmpd67;-6.35109125906;Training;#SAKNAS!;#SAKNAS!;test;BrC(C(=O)O)Cl;1.0308;37.3;173.393;0.0;6.0;1.0
88;204.0;cmpd168;hydrocortisone hemipimelate;62;;Training;-6.30102999566;-6.3;-6.3;;-6.30034333189;0.000594668273863314;0.0000943866457012768;CC12CCC(=O)C=C1CCC3C2C(CC4(C3CCC4(C(=O)COC(=O)CCCCCC(=O)O)O)C)O;cmpd168;-6.30051499783;Training;#SAKNAS!;#SAKNAS!;test;CC12CCC(=O)C=C1CCC3C2C(CC4(C3CCC4(C(=O)COC(=O)CCCCCC(=O)O)O)C)O;3.3676;138.2;504.62;4.0;36.0;9.0
89;110.0;cmpd131;betaxolol;28;;Training;-6.3;;-6.3;;-6.3;0;0;C1=C(C=CC(=C1)CCOCC2CC2)OCC(CNC(C)C)O;cmpd131;-6.3;Training;#SAKNAS!;#SAKNAS!;test;C1=C(C=CC(=C1)CCOCC2CC2)OCC(CNC(C)C)O;2.3934;50.72;307.434;2.0;22.0;11.0
90;183.0;cmpd35;ethylene glycol mono methyl ether acetate;49;;Test;-6.2986239259;;-6.3;;-6.29931196295;0.00097303132886883;0.000154466286888465;O=C(OCCOC)C;cmpd35;-6.29931196295;Training;#SAKNAS!;#SAKNAS!;test;O=C(OCCOC)C;0.1959;35.53;118.132;0.0;8.0;3.0
91;178.0;cmpd77;ethanol;54;64-17-5;Training;-6.27754889981;-6.53;-6.28;-6.52630250077;-6.40346285015;0.143989152730569;0.0224861385316382;C(C)O;cmpd77;-6.27877444991;Training;#SAKNAS!;#SAKNAS!;test;C(C)O;-0.0014;20.23;46.069;0.0;3.0;0.0
92;150.0;cmpd27;dichloroacetic acid;1;;Test;-6.27754889981;;-6.28;;-6.27877444991;0.0017331895625633;0.0002760394685923;ClC(C(=O)O)Cl;cmpd27;-6.27877444991;Training;#SAKNAS!;#SAKNAS!;test;ClC(C(=O)O)Cl;0.8747;37.3;128.942;0.0;6.0;1.0
93;408.0;cmpd176;trichloroacetic acid;1;;Training;-6.27754889981;;-6.28;;-6.27877444991;0.0017331895625633;0.0002760394685923;ClC(C(=O)O)(Cl)Cl;cmpd176;-6.27877444991;Training;#SAKNAS!;#SAKNAS!;test;ClC(C(=O)O)(Cl)Cl;1.4412;37.3;163.387;0.0;7.0;0.0
94;42.0;cmpd212;4-hydroxybenzyl alcohol;15;623-05-2;Training;-6.2552725051;-6.26;-6.26;-6.25630250077;-6.25789375147;0.00246816916316623;0.0003944089275385;OC1=CC=C(CO)C=C1;cmpd212;-6.25763625255;Training;#SAKNAS!;#SAKNAS!;test;OC1=CC=C(CO)C=C1;0.8845;40.46;124.139;1.0;9.0;1.0
95;39.0;cmpd180;4-chloro-m-phenylenediamine;5;;Training;-6.23408320603;;-6.23;;-6.23204160302;0.00288726267517742;0.000463293228623476;ClC1=C(C=C(C=C1)N)N;cmpd180;-6.23204160302;Training;#SAKNAS!;#SAKNAS!;test;ClC1=C(C=C(C=C1)N)N;1.5044;52.04;142.589;1.0;9.0;0.0
96;391.0;cmpd56;testosterone;24;58-22-0;Training;-6.21387981995;-6.27;-6.21;-6.26630250077;-6.24004558018;0.0325273066950635;0.00521267133022051;[C@H]23[C@@H]([C@@]1(C(=CC(=O)CC1)CC2)C)CC[C@]4([C@H]3CC[C@@H]4O)C;cmpd56;-6.21193990997;Training;#SAKNAS!;#SAKNAS!;test;[C@H]23[C@@H]([C@@]1(C(=CC(=O)CC1)CC2)C)CC[C@]4([C@H]3CC[C@@H]4O)C;3.8792;37.3;288.431;4.0;21.0;0.0
97;129.0;cmpd152;chlorpheniramine;42;132-22-9;Training;-6.21387981995;-6.19;-6.21;-6.18630250077;-6.20004558018;0.0139075827845506;0.00224314202286092;C2=C(C(C1=NC=CC=C1)CCN(C)C)C=CC(=C2)Cl.O=C(O)\C=C/C(=O)O;cmpd152;-6.21193990997;Training;#SAKNAS!;#SAKNAS!;test;C2=C(C(C1=NC=CC=C1)CCN(C)C)C=CC(=C2)Cl.O=C(O)\C=C/C(=O)O;3.5304;90.73;390.867;2.0;27.0;7.0
98;68.0;cmpd81;amylobarbital;26;57-43-2;Training;-6.20057692675;-6.14;-6.2;-6.19630250077;-6.18421985688;0.0295406650657089;0.00477678118652947;C(C1(C(NC(=O)NC1=O)=O)CC)CC(C)C;cmpd81;-6.20028846338;Training;#SAKNAS!;#SAKNAS!;test;C(C1(C(NC(=O)NC1=O)=O)CC)CC(C)C;1.185;75.27;226.276;1.0;16.0;4.0
99;191.0;cmpd124;flufenamic acid;57;;Training;-6.194499142;;-6.19;;-6.192249571;0.00318137381772074;0.000513767053676258;C1=C(C(=CC=C1)C(O)=O)NC2=CC(=CC=C2)C(F)(F)F;cmpd124;-6.192249571;Training;#SAKNAS!;#SAKNAS!;test;C1=C(C(=CC=C1)C(O)=O)NC2=CC(=CC=C2)C(F)(F)F;4.1472;49.33;281.233;2.0;20.0;3.0
100;44.0;cmpd210;4-hydroxyphenylacetic acid;15;156-38-7;Training;-6.1583624921;-6.06;-6.16;;-6.1261208307;0.0572681722008052;0.00934819501336481;OC1=CC=C(C=C1)CC(=O)O;cmpd210;-6.15918124605;Training;#SAKNAS!;#SAKNAS!;test;OC1=CC=C(C=C1)CC(=O)O;1.0193;57.53;152.149;1.0;11.0;2.0
101;242.0;cmpd151;ketoprofen;59;;Training;-6.15146878415;;-6.15;;-6.15073439207;0.00103858723069031;0.00016885580883296;C2=C(C(C1=CC=CC=C1)=O)C=CC=C2C(C(O)=O)C;cmpd151;-6.15073439207;Training;#SAKNAS!;#SAKNAS!;test;C2=C(C(C1=CC=CC=C1)=O)C=CC=C2C(C(O)=O)C;3.1057;54.37;254.285;2.0;19.0;4.0
102;148.0;cmpd66;dibromoacetic acid;1;;Training;-6.1413291528;;-6.14;;-6.1406645764;0.000939852955617511;0.000153053947813703;BrC(C(=O)O)Br;cmpd66;-6.1406645764;Training;#SAKNAS!;#SAKNAS!;test;BrC(C(=O)O)Br;1.1869;37.3;217.844;0.0;6.0;1.0
103;334.0;cmpd12;pentanoic acid;40;;Test;-6.10914446943;-5.96;-6.11;-6.25630250077;-6.10886174255;0.120968275652779;0.0198020974693596;C(CCCC)(=O)O;cmpd12;-6.10957223471;Training;#SAKNAS!;#SAKNAS!;test;C(CCCC)(=O)O;1.2612;37.3;102.133;0.0;7.0;3.0
104;31.0;cmpd200;4-amino-2-nitrophenol;5;119-34-6;Training;-6.10914446943;-6.04;-6.11;-6.10630250077;-6.09136174255;0.0342776159700264;0.00562725009920158;NC1=CC(=C(C=C1)O)[N+](=O)[O-];cmpd200;-6.10957223471;Training;#SAKNAS!;#SAKNAS!;test;NC1=CC(=C(C=C1)O)[N+](=O)[O-];0.8826;89.39;154.125;1.0;11.0;1.0
105;297.0;cmpd137;naproxen;19;;Training;-6.09630250077;-5.74;-6.1;-5.73630250077;-5.91815125038;0.207857059458799;0.0351219579670804;C1=C2C(=CC=C1C(C(O)=O)C)C=C(OC)C=C2;cmpd137;-6.09815125038;Training;#SAKNAS!;#SAKNAS!;test;C1=C2C(=CC=C1C(C(O)=O)C)C=C(OC)C=C2;3.0365;46.53;230.263;2.0;17.0;3.0
106;52.0;cmpd73;acetic acid;7;;Training;-6.07918124605;-6.53;-6.08;-6.76630250077;-6.3638709367;0.342140788807404;0.0537629993144741;C(C)(=O)O;cmpd73;-6.07959062302;Training;#SAKNAS!;#SAKNAS!;test;C(C)(=O)O;0.0909;37.3;60.052;0.0;4.0;0.0
107;187.0;cmpd159;fentanyl;56;437-38-7;Training;-6.07918124605;-5.56;-6.08;-5.80630250077;-5.8813709367;0.249997981525491;0.0425067529689948;C3=C(N(C2CCN(CCC1=CC=CC=C1)CC2)C(CC)=O)C=CC=C3;cmpd159;-6.07959062302;Training;#SAKNAS!;#SAKNAS!;test;C3=C(N(C2CCN(CCC1=CC=CC=C1)CC2)C(CC)=O)C=CC=C3;4.1367;23.55;336.479;3.0;25.0;6.0
108;262.0;cmpd21;lidocaine;24;137-58-6;Test;-6.07918124605;-6.17;-6.08;-5.95630250077;-6.0713709367;0.0877570486076507;0.0144542393345012;C1=C(C(=C(C=C1)C)NC(CN(CC)CC)=O)C;cmpd21;-6.07959062302;Training;#SAKNAS!;#SAKNAS!;test;C1=C(C(=C(C=C1)C)NC(CN(CC)CC)=O)C;2.58374;32.34;234.343;1.0;17.0;5.0
109;338.0;cmpd114;phloroglucinol;30;;Training;-6.06630250077;;-6.07;;-6.06815125038;0.00261452678088138;0.000430860516325477;C1(=CC(=CC(=C1)O)O)O;cmpd114;-6.06815125038;Training;#SAKNAS!;#SAKNAS!;test;C1(=CC(=CC(=C1)O)O)O;0.8034;60.69;126.111;1.0;9.0;0.0
110;123.0;cmpd123;catechol;30;154-23-4;Training;-6.06630250077;-6.07;-6.07;-6.06630250077;-6.06815125038;0.00213475217733362;0.000351796138436506;C1(=CC=CC=C1O)O;cmpd123;-6.06815125038;Training;#SAKNAS!;#SAKNAS!;test;C1(=CC=CC=C1O)O;1.0978;40.46;110.112;1.0;8.0;0.0
111;355.0;cmpd146;propranolol;28;;Training;-6.05;;-6.05;-6.30630250077;-6.13543416692;0.147976317811969;0.0241183123779153;C1=CC=CC2=C1C(=CC=C2)OCC(CNC(C)C)O;cmpd146;-6.05;Training;#SAKNAS!;#SAKNAS!;test;C1=CC=CC2=C1C(=CC=C2)OCC(CNC(C)C)O;2.5775;41.49;259.349;2.0;19.0;6.0
112;277.0;cmpd88;methyl nicotinate;33;93-60-7;Training;-6.02630250077;-5.77;-6.03;-6.06630250077;-5.97315125038;0.136631404065541;0.0228742582161744;C(C1=CN=CC=C1)(=O)OC;cmpd88;-6.02815125038;Training;#SAKNAS!;#SAKNAS!;test;C(C1=CN=CC=C1)(=O)OC;0.8682;39.19;137.138;1.0;10.0;1.0
113;212.0;cmpd171;hydrocortisone propionate;62;;Training;-6.02482358373;;-6.02;;-6.02241179186;0.00341078876158986;0.000566349309789563;CCC(=O)OCC(=O)[C@]1(CC[C@@H]2[C@@]1(C[C@@H]([C@H]3[C@H]2CCC4=CC(=O)CC[C@]34C)O)C)O;cmpd171;-6.02241179186;Training;#SAKNAS!;#SAKNAS!;test;CCC(=O)OCC(=O)[C@]1(CC[C@@H]2[C@@]1(C[C@@H]([C@H]3[C@H]2CCC4=CC(=O)CC[C@]34C)O)C)O;2.7425;100.9;418.53;4.0;30.0;4.0
114;12.0;cmpd11;2-butoxyethanol;7;;Test;-6.0;;;;-6.0;#DIVISION/0!;#DIVISION/0!;C(CCC)OCCO;cmpd11;-6.0;Training;#SAKNAS!;#SAKNAS!;test;C(CCC)OCCO;0.7954;29.46;118.176;0.0;8.0;5.0
115;176.0;cmpd6;estrone;44;53-16-7;Test;-6.0;-6.0;-6.0;-5.99630250077;-5.99907562519;0.00184874961635506;0.000308172413861835;[C@H]34[C@H]2[C@@H](C1=C(C=C(O)C=C1)CC2)CC[C@@]3(C(=O)CC4)C;cmpd6;-6.0;Training;#SAKNAS!;#SAKNAS!;test;[C@H]34[C@H]2[C@@H](C1=C(C=C(O)C=C1)CC2)CC[C@@]3(C(=O)CC4)C;3.8174;37.3;270.372;4.0;20.0;0.0
116;175.0;cmpd61;estradiol;18;50-28-2;Training;-5.93720917014;-6.14;-6.05;;-6.04240305671;0.101608638064122;0.0168159318586382;[C@H]34[C@H]2[C@@H](C1=C(C=C(O)C=C1)CC2)CC[C@@]3([C@@H](O)CC4)C;cmpd61;-5.99360458507;Training;#SAKNAS!;#SAKNAS!;test;[C@H]34[C@H]2[C@@H](C1=C(C=C(O)C=C1)CC2)CC[C@@]3([C@@H](O)CC4)C;3.6092;40.46;272.388;4.0;20.0;0.0
117;268.0;cmpd154;meperidine;43;57-42-1;Training;-5.9881007767;-5.7;-5.99;-5.98630250077;-5.91610081937;0.144075122715826;0.0243530539987052;C2=C(C1(C(OCC)=O)CCN(C)CC1)C=CC=C2;cmpd154;-5.98905038835;Training;#SAKNAS!;#SAKNAS!;test;C2=C(C1(C(OCC)=O)CCN(C)CC1)C=CC=C2;2.2131;29.54;247.338;2.0;18.0;3.0
118;263.0;cmpd79;linolenic acid;7;;Training;-5.9881007767;;-5.99;;-5.98905038835;0.00134295367421254;0.000224234826413356;C(C\C=C\C\C=C\C\C=C\CC)CCCCCC(O)=O;cmpd79;-5.98905038835;Training;#SAKNAS!;#SAKNAS!;test;C(C\C=C\C\C=C\C\C=C\CC)CCCCCC(O)=O;5.6605;37.3;278.436;0.0;20.0;13.0
119;124.0;cmpd178;chloral hydrate;37;;Training;-5.96523789374;;-5.97;;-5.96761894687;0.00336731762861816;0.000564264853134446;ClC(C(O)O)(Cl)Cl;cmpd178;-5.96761894687;Training;#SAKNAS!;#SAKNAS!;test;ClC(C(O)O)(Cl)Cl;0.6673;40.46;165.403;0.0;7.0;0.0
120;160.0;cmpd187;dimethylethylamine;52;;Training;-5.95424250944;;-5.95;-6.25630250077;-6.0535150034;0.175631934844666;0.0290132154204552;CN(CC)C;cmpd187;-5.95212125472;Training;#SAKNAS!;#SAKNAS!;test;CN(CC)C;0.5679;3.24;73.139;0.0;5.0;1.0
121;10.0;cmpd166;2-butanone;6;78-93-3;Training;-5.90308998699;-5.78;-5.9;-6.50630250077;-6.02234812194;0.327686851881227;0.054411808358843;CC(CC)=O;cmpd166;-5.9015449935;Training;#SAKNAS!;#SAKNAS!;test;CC(CC)=O;0.9854;17.07;72.107;0.0;5.0;1.0
122;208.0;cmpd169;hydrocortisone methylpimelate;62;;Training;-5.82390874094;;-5.82;;-5.82195437047;0.00276389722763028;0.000474737012994853;CC12CCC(=O)C=C1CCC3C2C(CC4(C3CCC4(C(=O)COC(=O)CCCCCC(=O)OC)O)C)O;cmpd169;-5.82195437047;Training;#SAKNAS!;#SAKNAS!;test;CC12CCC(=O)C=C1CCC3C2C(CC4(C3CCC4(C(=O)COC(=O)CCCCCC(=O)OC)O)C)O;3.456;127.2;518.647;4.0;37.0;9.0
123;378.0;cmpd158;sufentanil;56;;Training;-5.81593981127;;-5.82;;-5.81796990564;0.00287098698173076;0.000493468860839124;C3=C(N(C2(CCN(CCC1=CC=CS1)CC2)COC)C(CC)=O)C=CC=C3;cmpd158;-5.81796990564;Training;#SAKNAS!;#SAKNAS!;test;C3=C(N(C2(CCN(CCC1=CC=CS1)CC2)COC)C(CC)=O)C=CC=C3;4.2148;32.78;386.561;3.0;27.0;8.0
124;45.0;cmpd63;4-nitrophenol;4;;Training;-5.80966830183;;-5.81;-5.80630250077;-5.8086569342;0.00204573300000446;0.000352186920862898;[N+](=O)([O-])C1=CC=C(C=C1)O;cmpd63;-5.80983415091;Training;#SAKNAS!;#SAKNAS!;test;[N+](=O)([O-])C1=CC=C(C=C1)O;1.3004;63.37;139.11;1.0;10.0;1.0
125;29.0;cmpd64;3-nitrophenol;4;;Training;-5.80502339678;;-5.81;-5.80630250077;-5.80710863252;0.00258438216814647;0.000445037682552577;[N+](=O)([O-])C1=CC=CC(=C1)O;cmpd64;-5.80751169839;Training;#SAKNAS!;#SAKNAS!;test;[N+](=O)([O-])C1=CC=CC(=C1)O;1.3004;63.37;139.11;1.0;10.0;1.0
126;258.0;cmpd138;ketorolac;68;;Training;-5.79934054945;;-5.8;;-5.79967027473;0.000466301953230382;0.0000804014592454308;C1=C3[N](C(=C1)C(C2=CC=CC=C2)=O)CCC3C(O)=O;cmpd138;-5.79967027473;Training;#SAKNAS!;#SAKNAS!;test;C1=C3[N](C(=C1)C(C2=CC=CC=C2)=O)CCC3C(O)=O;2.291;59.3;255.273;3.0;19.0;3.0
127;162.0;cmpd41;ephedrine;42;299-42-3;Training;-5.77815125038;-5.72;-5.78;-5.77630250077;-5.76361343779;0.0291147825635814;0.00505148079027948;[C@@H](C1=CC=CC=C1)([C@H](C)NC)O;cmpd41;-5.77907562519;Training;#SAKNAS!;#SAKNAS!;test;[C@@H](C1=CC=CC=C1)([C@H](C)NC)O;1.3279;32.26;165.236;1.0;12.0;3.0
128;180.0;cmpd10;ethyl nicotinate;33;614-18-6;Test;-5.73630250077;-5.28;-5.74;-5.77630250077;-5.63315125038;0.236124911776388;0.0419170196717701;C(C1=CN=CC=C1)(=O)OCC;cmpd10;-5.73815125038;Training;#SAKNAS!;#SAKNAS!;test;C(C1=CN=CC=C1)(=O)OCC;1.2583;39.19;151.165;1.0;11.0;2.0
129;41.0;cmpd70;4-cyanophenol;14;;Training;-5.73121521234;;-5.73;-5.53630250077;-5.6658392377;0.112183750369394;0.0198000235557166;C(#N)C1=CC=C(C=C1)O;cmpd70;-5.73060760617;Training;#SAKNAS!;#SAKNAS!;test;C(#N)C1=CC=C(C=C1)O;1.26388;44.02;119.123;1.0;9.0;0.0
130;53.0;cmpd74;acetylsalicylic acid;19;;Training;-5.69630250077;;-5.7;;-5.69815125038;0.00261452678088138;0.000458837729290768;C(C)(=O)OC1=CC=CC=C1C(=O)O;cmpd74;-5.69815125038;Training;#SAKNAS!;#SAKNAS!;test;C(C)(=O)OC1=CC=CC=C1C(=O)O;1.3101;63.6;180.159;1.0;13.0;2.0
131;185.0;cmpd143;etodolac;55;;Training;-5.68330250077;;-5.68;-5.68630250077;-5.68320166718;0.00315246007745413;0.000554697908339294;C1=CC=C(C3=C1C2=C(C(OCC2)(CC(O)=O)CC)[NH]3)CC;cmpd143;-5.68165125038;Training;#SAKNAS!;#SAKNAS!;test;C1=CC=C(C3=C1C2=C(C(OCC2)(CC(O)=O)CC)[NH]3)CC;3.383;62.32;287.359;3.0;21.0;4.0
132;82.0;cmpd83;benzoic acid;7;65-85-0;Training;-5.67548890849;-5.15;-5.68;-5.14630250077;-5.41294785231;0.305770051017585;0.0564886378661309;C(C1=CC=CC=C1)(=O)O;cmpd83;-5.67774445424;Training;#SAKNAS!;#SAKNAS!;test;C(C1=CC=CC=C1)(=O)O;1.3848;37.3;122.123;1.0;9.0;1.0
133;337.0;cmpd120;phenol;4;108-95-2;Training;-5.64143068323;-5.52;-5.64;-5.64630250077;-5.611933296;0.0613482107221201;0.0109317426787417;C1(=CC=CC=C1)O;cmpd120;-5.64071534161;Training;#SAKNAS!;#SAKNAS!;test;C1(=CC=CC=C1)O;1.3922;20.23;94.113;1.0;7.0;0.0
134;147.0;cmpd213;diazinon;7;;Training;-5.61678324815;;-5.62;;-5.61839162407;0.00227458704746964;0.000404846653573103;S=[P](OCC)(OCC)OC1=NC(=NC(=C1)C)C(C)C;cmpd213;-5.61839162407;Training;#SAKNAS!;#SAKNAS!;test;S=[P](OCC)(OCC)OC1=NC(=NC(=C1)C)C(C)C;3.58472;53.47;304.352;1.0;19.0;7.0
135;140.0;cmpd207;coumarin;45;;Training;-5.59726110845;;-5.6;-5.59630250077;-5.5978545364;0.0019188519224378;0.000342783455689843;O2C1=CC=CC=C1C=CC2=O;cmpd207;-5.59863055422;Training;#SAKNAS!;#SAKNAS!;test;O2C1=CC=CC=C1C=CC2=O;1.793;30.21;146.145;2.0;11.0;0.0
136;323.0;cmpd173;octylparaben;7;;Training;-5.58781955221;;-5.59;;-5.58890977611;0.00154180941596314;0.000275869441041001;CCCCCCCCOC(=O)c1ccc(O)cc1;cmpd173;-5.58890977611;Training;#SAKNAS!;#SAKNAS!;test;CCCCCCCCOC(=O)c1ccc(O)cc1;3.9095;46.53;250.338;1.0;18.0;8.0
137;310.0;cmpd199;nicotine;79;1954-11-05;Training;-5.63202321471;-5.47;-5.54;-5.65630250077;-5.57458142887;0.0858507286693692;0.0154003901036925;N1=CC=CC(=C1)C2CCCN2C;cmpd199;-5.58601160735;Training;#SAKNAS!;#SAKNAS!;test;N1=CC=CC(=C1)C2CCCN2C;1.8483;16.13;162.236;2.0;12.0;1.0
138;302.0;cmpd98;n-butanol;2;;Training;-5.48148606012;;-5.66;;-5.57074303006;0.126228417423984;0.0226591707323108;C(CCC)O;cmpd98;-5.57074303006;Training;#SAKNAS!;#SAKNAS!;test;C(CCC)O;0.7788;20.23;74.123;0.0;5.0;2.0
139;200.0;cmpd101;hexanoic acid;40;142-62-1;Training;-5.47712125472;-5.18;-5.48;-5.40630250077;-5.38585593887;0.141406260569392;0.0262551137970123;C(CCCCC)(=O)O;cmpd101;-5.47856062736;Training;#SAKNAS!;#SAKNAS!;test;C(CCCCC)(=O)O;1.6513;37.3;116.16;0.0;8.0;4.0
140;69.0;cmpd34;aniline;13;62-53-3;Test;-5.69442970704;-5.05;-5.22;-6.20630250077;-5.54268305195;0.51970464749212;0.0937640927003864;NC1=CC=CC=C1;cmpd34;-5.45721485352;Training;#SAKNAS!;#SAKNAS!;test;NC1=CC=CC=C1;1.2688;26.02;93.129;1.0;7.0;0.0
141;318.0;cmpd100;n-pentanol;2;;Training;-5.12493873661;;-5.78;;-5.4524693683;0.463198261436898;0.0849520153436395;C(CCCC)O;cmpd100;-5.4524693683;Training;#SAKNAS!;#SAKNAS!;test;C(CCCC)O;1.1689;20.23;88.15;0.0;6.0;3.0
142;361.0;cmpd86;salicylic acid;84;69-72-7;Training;-5.43903120511;-5.53;-5.44;-5.75630250077;-5.54133342647;0.149526315716014;0.0269838149427645;C(C1=CC=CC=C1O)(=O)O;cmpd86;-5.43951560256;Training;#SAKNAS!;#SAKNAS!;test;C(C1=CC=CC=C1O)(=O)O;1.0904;57.53;138.122;1.0;10.0;1.0
143;275.0;cmpd36;methyl 4-hydroxybenzoate;9;99-76-3;Test;-5.64815125038;-5.44;-5.23;-5.59630250077;-5.47861343779;0.187877109188633;0.0342928208609838;OC1=CC=C(C(=O)OC)C=C1;cmpd36;-5.43907562519;Training;#SAKNAS!;#SAKNAS!;test;OC1=CC=C(C(=O)OC)C=C1;1.1788;46.53;152.149;1.0;11.0;1.0
144;356.0;cmpd126;propylparaben;7;;Training;-5.41017446509;;-5.41;;-5.41008723254;0.000123365447547768;0.0000228028573745834;C1=C(C(OCCC)=O)C=CC(=C1)O;cmpd126;-5.41008723254;Training;#SAKNAS!;#SAKNAS!;test;C1=C(C(OCCC)=O)C=CC(=C1)O;1.959;46.53;180.203;1.0;13.0;3.0
145;48.0;cmpd94;4-propoxyphenol;9;;Training;-5.39815125038;;-5.38;;-5.38907562519;0.0128348722332871;0.00238164633899163;C(CC)OC1=CC=C(C=C1)O;cmpd94;-5.38907562519;Training;#SAKNAS!;#SAKNAS!;test;C(CC)OC1=CC=C(C=C1)O;2.181;29.46;152.193;1.0;11.0;3.0
146;267.0;cmpd133;m-cresol;4;;Training;-5.37331753376;;-5.37;-5.37630250077;-5.37320667818;0.00315271243554662;0.0005867469137845;C1=C(C=CC=C1O)C;cmpd133;-5.37165876688;Training;#SAKNAS!;#SAKNAS!;test;C1=C(C=CC=C1O)C;1.70062;20.23;108.14;1.0;8.0;0.0
147;27.0;cmpd119;2-phenylethanol;12;1960-12-08;Training;-5.44977164694;-5.23;-5.28;-5.67630250077;-5.40901853693;0.201490241894884;0.0372507952263954;C1(=CC=CC=C1)CCO;cmpd119;-5.36488582347;Training;#SAKNAS!;#SAKNAS!;test;C1(=CC=CC=C1)CCO;1.2214;20.23;122.167;1.0;9.0;2.0
148;321.0;cmpd122;o-cresol;4;;Training;-5.35984995906;;-5.36;-5.35630250077;-5.35871748661;0.00209278415930323;0.000390538251835888;C1(=CC=CC=C1O)C;cmpd122;-5.35992497953;Training;#SAKNAS!;#SAKNAS!;test;C1(=CC=CC=C1O)C;1.70062;20.23;108.14;1.0;8.0;0.0
149;179.0;cmpd78;ethyl ether;6;;Training;-5.35218251811;;-5.35;;-5.35109125906;0.00154327335660539;0.000288403482933261;C(C)OCC;cmpd78;-5.35109125906;Training;#SAKNAS!;#SAKNAS!;test;C(C)OCC;1.0428;9.23;74.123;0.0;5.0;2.0
150;88.0;cmpd89;benzyl nicotinate;33;94-44-0;Training;-5.34630250077;-4.87;-5.35;-5.35630250077;-5.23065125038;0.240469607834717;0.0459731678377678;C(C1=CN=CC=C1)(=O)OCC2=CC=CC=C2;cmpd89;-5.34815125038;Training;#SAKNAS!;#SAKNAS!;test;C(C1=CN=CC=C1)(=O)OCC2=CC=CC=C2;2.4386;39.19;213.236;2.0;16.0;3.0
151;87.0;cmpd85;benzyl alcohol;12;100-51-6;Training;-5.34491494783;-5.41;-5.34;-5.77630250077;-5.46780436215;0.208125129789971;0.038063748445483;C(C1=CC=CC=C1)O;cmpd85;-5.34245747392;Training;#SAKNAS!;#SAKNAS!;test;C(C1=CC=CC=C1)O;1.1789;20.23;108.14;1.0;8.0;1.0
152;117.0;cmpd90;butyl nicotinate;33;6/3/6938;Training;-5.33630250077;-4.86;-5.34;-5.33630250077;-5.21815125038;0.238773862241295;0.0457583252734845;C(C1=CN=CC=C1)(=O)OCCCC;cmpd90;-5.33815125038;Training;#SAKNAS!;#SAKNAS!;test;C(C1=CN=CC=C1)(=O)OCCCC;2.0385;39.19;179.219;1.0;13.0;4.0
153;233.0;cmpd148;isoquinoline;26;119-65-3;Training;-5.33243845992;-5.29;-5.33;-5.33630250077;-5.32218524017;0.0216131573964003;0.00406095549498518;C1=NC=CC2=CC=CC=C12;cmpd148;-5.33121922996;Training;#SAKNAS!;#SAKNAS!;test;C1=NC=CC2=CC=CC=C12;2.2348;12.89;129.162;2.0;10.0;0.0
154;193.0;cmpd155;flurbiprofen;59;;Training;-5.33099321904;;-5.33;;-5.33049660952;0.000702311919391623;0.000131753562723825;C2=C(C1=CC=CC=C1)C(=CC(=C2)C(C(O)=O)C)F;cmpd155;-5.33049660952;Training;#SAKNAS!;#SAKNAS!;test;C2=C(C1=CC=CC=C1)C(=CC(=C2)C(C(O)=O)C)F;3.6808;37.3;244.265;2.0;18.0;3.0
155;333.0;cmpd141;p-cresol;4;;Training;-5.31276839894;;-5.31;-5.31630250077;-5.31302363323;0.00315899309764082;0.000594575389780048;C1=CC(=CC=C1O)C;cmpd141;-5.31138419947;Training;#SAKNAS!;#SAKNAS!;Training;C1=CC(=CC=C1O)C;1.70062;20.23;108.14;1.0;8.0;0.0
156;306.0;cmpd91;n-hexyl nicotinate;33;;Training;-5.30630250077;;-5.31;-5.30630250077;-5.30753500051;0.00213475217733311;0.000402211606165078;C(C1=CN=CC=C1)(=O)OCCCCCC;cmpd91;-5.30815125038;Training;#SAKNAS!;#SAKNAS!;Training;C(C1=CN=CC=C1)(=O)OCCCCCC;2.8187;39.19;207.273;1.0;15.0;6.0
157;206.0;cmpd172;hydrocortisone hexanoate;62;;Training;-5.30102999566;-5.3;-5.3;;-5.30034333189;0.000594668273863314;0.00011219429320468;CCCCCC(=O)OCC(=O)C1(CCC2C1(CC(C3C2CCC4=CC(=O)CCC34C)O)C)O;cmpd172;-5.30051499783;Training;#SAKNAS!;#SAKNAS!;Training;CCCCCC(=O)OCC(=O)C1(CCC2C1(CC(C3C2CCC4=CC(=O)CCC34C)O)C)O;3.9128;100.9;460.611;4.0;33.0;7.0
158;199.0;cmpd103;heptanoic acid;40;;Training;-5.2552725051;-5.03;-5.26;-5.25630250077;-5.20039375147;0.113613968114507;0.0218471857217433;C(CCCCCC)(=O)O;cmpd103;-5.25763625255;Training;#SAKNAS!;#SAKNAS!;Training;C(CCCCCC)(=O)O;2.0414;37.3;130.187;0.0;9.0;5.0
159;181.0;cmpd202;ethyl p-aminobenzoate;38;;Training;-5.2552725051;;-5.26;;-5.25763625255;0.00334284369947414;0.000635807336015643;NC1=CC=C(C(=O)OCC)C=C1;cmpd202;-5.25763625255;Training;#SAKNAS!;#SAKNAS!;Training;NC1=CC=C(C(=O)OCC)C=C1;1.4455;52.32;165.192;1.0;12.0;2.0
160;276.0;cmpd211;methyl 4-hydroxyphenylacetate;15;;Training;-5.2552725051;;-5.26;;-5.25763625255;0.00334284369947414;0.000635807336015643;OC1=CC=C(C=C1)CC(=O)OC;cmpd211;-5.25763625255;Training;#SAKNAS!;#SAKNAS!;Training;OC1=CC=C(C=C1)CC(=O)OC;1.1077;46.53;166.176;1.0;12.0;2.0
161;3.0;cmpd13;1-hexyl-2-pyrrolidone;2;;Test;-5.2076083105;;-5.21;;-5.20880415525;0.00169117986270513;0.000324677183533631;C(CCCCC)N1CCCC1=O;cmpd13;-5.20880415525;Training;#SAKNAS!;#SAKNAS!;Training;C(CCCCC)N1CCCC1=O;2.1891;20.31;169.268;1.0;12.0;5.0
162;278.0;cmpd201;methyl p-aminobenzoate;38;;Training;-5.19457466475;;-5.19;;-5.19228733237;0.00323477646616073;0.00062299642895171;NC1=CC=C(C(=O)OC)C=C1;cmpd201;-5.19228733237;Training;#SAKNAS!;#SAKNAS!;Training;NC1=CC=C(C(=O)OC)C=C1;1.0554;52.32;151.165;1.0;11.0;1.0
163;322.0;cmpd15;octanoic acid;40;;Test;-5.17609125906;;-5.18;-5.10630250077;-5.15413125327;0.0414669957764812;0.00804538994813879;C(CCCCCCC)(=O)O;cmpd15;-5.17804562953;Training;#SAKNAS!;#SAKNAS!;Training;C(CCCCCCC)(=O)O;2.4315;37.3;144.214;0.0;10.0;6.0
164;1.0;cmpd28;1.1.1-trichloropropanone;1;;Test;-5.17609125906;;-5.18;;-5.17804562953;0.00276389722763028;0.000533772281161282;ClC(C(C)=O)(Cl)Cl;cmpd28;-5.17804562953;Training;#SAKNAS!;#SAKNAS!;Training;ClC(C(C)=O)(Cl)Cl;1.9456;17.07;161.415;0.0;7.0;0.0
165;305.0;cmpd102;n-hexanol;54;;Training;-5.05115252245;;-5.28;;-5.16557626122;0.161819603234894;0.031326534553293;C(CCCCC)O;cmpd102;-5.16557626122;Training;#SAKNAS!;#SAKNAS!;Training;C(CCCCC)O;1.559;20.23;102.177;0.0;7.0;4.0
166;304.0;cmpd14;n-heptanol;77;;Test;-5.05115252245;;-5.05;;-5.05057626122;0.000814956438012004;0.000161359099607883;C(CCCCCC)O;cmpd14;-5.05057626122;Training;#SAKNAS!;#SAKNAS!;Training;C(CCCCCC)O;1.9491;20.23;116.204;0.0;8.0;5.0
167;13.0;cmpd183;2-chlorophenol;4;95-57-8;Training;-5.03699965153;-4.96;-5.04;-5.03630250077;-5.01832553807;0.0389167675623941;0.00775493085634377;ClC1=C(C=CC=C1)O;cmpd183;-5.03849982577;Training;#SAKNAS!;#SAKNAS!;Training;ClC1=C(C=CC=C1)O;2.0456;20.23;128.558;1.0;8.0;0.0
168;38.0;cmpd29;4-chloro-3-methylphenol;9;;Test;-5.02815125038;-4.71;-5.0;;-4.91271708346;0.176121506834929;0.0358501220084191;ClC1=C(C=C(C=C1)O)C;cmpd29;-5.01407562519;Training;#SAKNAS!;#SAKNAS!;Training;ClC1=C(C=C(C=C1)O)C;2.35402;20.23;142.585;1.0;9.0;0.0
169;335.0;cmpd76;p-ethylphenol;4;;Training;-5.01397511799;;-5.01;;-5.011987559;0.00281083288908606;0.000560822000453799;C(C)C1=CC=C(C=C1)O;cmpd76;-5.011987559;Training;#SAKNAS!;#SAKNAS!;Training;C(C)C1=CC=C(C=C1)O;1.9546;20.23;122.167;1.0;9.0;1.0
170;28.0;cmpd113;3.4-xylenol;4;95-65-8;Training;-5.0;-4.92;-5.0;-4.99630250077;-4.97907562519;0.0394223018781819;0.00791759451869405;C1(=CC(=C(C=C1)C)C)O;cmpd113;-5.0;Training;#SAKNAS!;#SAKNAS!;Training;C1(=CC(=C(C=C1)C)C)O;2.00904;20.23;122.167;1.0;9.0;0.0
171;32.0;cmpd68;4-bromophenol;4;106-41-2;Training;-4.99855475913;-4.92;-5.0;-4.99630250077;-4.97871431497;0.0391724336472004;0.00786798180594354;BrC1=CC=C(C=C1)O;cmpd68;-4.99927737956;Training;#SAKNAS!;#SAKNAS!;Training;BrC1=CC=C(C=C1)O;2.1547;20.23;173.009;1.0;8.0;0.0
172;40.0;cmpd184;4-chlorophenol;4;106-48-9;Training;-4.99639587573;;-5.0;-4.99630250077;-4.9975661255;0.00210831414503553;0.000421868183850156;ClC1=CC=C(C=C1)O;cmpd184;-4.99819793787;Training;#SAKNAS!;#SAKNAS!;Training;ClC1=CC=C(C=C1)O;2.0456;20.23;128.558;1.0;8.0;0.0
173;281.0;cmpd87;methyl salicylate;9;;Training;-4.96815125038;;-5.0;;-4.98407562519;0.0225204668260407;0.0045184841723131;C(C1=CC=CC=C1O)(=O)OC;cmpd87;-4.98407562519;Training;#SAKNAS!;#SAKNAS!;Training;C(C1=CC=CC=C1O)(=O)OC;1.1788;46.53;152.149;1.0;11.0;1.0
174;2.0;cmpd177;1.1-dichloropropanone;1;;Training;-4.92283404519;;-4.92;;-4.92141702259;0.00200397257041164;0.000407194220935058;ClC(C(C)=O)Cl;cmpd177;-4.92141702259;Training;#SAKNAS!;#SAKNAS!;Training;ClC(C(C)=O)Cl;1.3791;17.07;126.97;0.0;6.0;1.0
175;403.0;cmpd127;thymol;2;89-83-8;Training;-4.8601209136;-4.74;-4.86;-4.73630250077;-4.79910585359;0.0704005153135768;0.0146695066667244;C1=C(C)C=CC(=C1O)C(C)C;cmpd127;-4.8600604568;Training;#SAKNAS!;#SAKNAS!;Training;C1=C(C)C=CC(=C1O)C(C)C;2.82402;20.23;150.221;1.0;11.0;1.0
176;5.0;cmpd206;1-octyl-2-azacycloheptanone;2;;Training;-4.83564714422;;-4.84;;-4.83782357211;0.00307793384270438;0.000636222837982362;O=C1CCCCC(CCCCCCCC)N1;cmpd206;-4.83782357211;Training;#SAKNAS!;#SAKNAS!;Training;O=C1CCCCC(CCCCCCCC)N1;3.7958;29.1;225.376;1.0;16.0;7.0
177;6.0;cmpd16;1-octyl-2-pyrrolidone;2;;Test;-4.82681373159;;-4.83;;-4.82840686579;0.00225303200099637;0.00046662016346585;C(CCCCCCC)N1CCCC1=O;cmpd16;-4.82840686579;Training;#SAKNAS!;#SAKNAS!;Training;C(CCCCCCC)N1CCCC1=O;2.9693;20.31;197.322;1.0;14.0;7.0
178;236.0;cmpd161;iso-thymol;9;;Training;-4.78815125038;;-4.84;;-4.81407562519;0.0366626024497714;0.00761570970300462;CC(C)C1=CC(O)=C(C)C=C1;cmpd161;-4.81407562519;Training;#SAKNAS!;#SAKNAS!;Training;CC(C)C1=CC(O)=C(C)C=C1;2.82402;20.23;150.221;1.0;11.0;1.0
179;75.0;cmpd84;benzaldehyde;12;;Training;-4.79063394601;-4.47;-4.79;;-4.68354464867;0.184935362230688;0.0394861960552096;C(C1=CC=CC=C1)=O;cmpd84;-4.790316973;Training;#SAKNAS!;#SAKNAS!;Training;C(C1=CC=CC=C1)=O;1.4991;17.07;106.124;1.0;8.0;1.0
180;7.0;cmpd179;2.4.6-trichlorophenol;4;1988-06-02;Training;-4.78251605579;-4.7;-4.78;-4.69630250077;-4.73970463914;0.0480164467887278;0.0101306833325076;ClC1=C(C(=CC(=C1)Cl)Cl)O;cmpd179;-4.78125802789;Training;#SAKNAS!;#SAKNAS!;Training;ClC1=C(C(=CC(=C1)Cl)Cl)O;3.3524;20.23;197.448;1.0;10.0;0.0
181;315.0;cmpd17;n-nonanol;71;;Test;-4.77815125038;;-4.78;;-4.77907562519;0.00130726339044415;0.000273538962964554;C(CCCCCCCC)O;cmpd17;-4.77907562519;Training;#SAKNAS!;#SAKNAS!;Training;C(CCCCCCCC)O;2.7293;20.23;144.258;0.0;10.0;7.0
182;8.0;cmpd182;2.4-dichlorophenol;4;120-83-2;Training;-4.7777171729;-4.7;-4.78;-4.69630250077;-4.73850491842;0.0466301601088772;0.0098406904523054;ClC1=C(C=CC(=C1)Cl)O;cmpd182;-4.77885858645;Training;#SAKNAS!;#SAKNAS!;Training;ClC1=C(C=CC(=C1)Cl)O;2.699;20.23;163.003;1.0;9.0;0.0
183;18.0;cmpd134;2-naphthol;9;;Training;-4.77815125038;;-4.76;-5.14630250077;-4.89481791705;0.217981051603343;0.0445330255991835;C1=C(C=CC2=CC=CC=C12)O;cmpd134;-4.76907562519;Training;#SAKNAS!;#SAKNAS!;Training;C1=C(C=CC2=CC=CC=C12)O;2.5454;20.23;144.173;2.0;11.0;0.0
184;316.0;cmpd104;n-octanol;2;;Training;-4.8696662315;;-4.59;;-4.72983311575;0.197753888766065;0.0418099082835407;C(CCCCCCC)O;cmpd104;-4.72983311575;Training;#SAKNAS!;#SAKNAS!;Training;C(CCCCCCC)O;2.3392;20.23;130.231;0.0;9.0;6.0
185;303.0;cmpd18;n-decanol;54;;Test;-4.70138947846;;-4.7;-4.65630250077;-4.68589732641;0.0256392851141676;0.00547158491281254;C(CCCCCCCCC)O;cmpd18;-4.70069473923;Training;#SAKNAS!;#SAKNAS!;Training;C(CCCCCCCCC)O;3.1194;20.23;158.285;0.0;11.0;8.0
186;71.0;cmpd121;anisole;12;100-66-3;Training;-4.68707078104;-4.8;-4.69;-5.15630250077;-4.83334332045;0.221628346918896;0.0458540459936169;C1(=CC=CC=C1)OC;cmpd121;-4.68853539052;Training;#SAKNAS!;#SAKNAS!;Training;C1(=CC=CC=C1)OC;1.6952;9.23;108.14;1.0;8.0;1.0
187;328.0;cmpd75;o-t-butylphenol;9;;Training;-4.65815125038;;-4.68;;-4.66907562519;0.0154493990141748;0.00330887744263943;C(C)(C)(C)C1=C(C=CC=C1)O;cmpd75;-4.66907562519;Training;#SAKNAS!;#SAKNAS!;Training;C(C)(C)(C)C1=C(C=CC=C1)O;2.6897;20.23;150.221;1.0;11.0;0.0
188;350.0;cmpd97;p-n-butylphenol;9;;Training;-4.64815125038;;-4.67;;-4.65907562519;0.0154493990141748;0.00331597944678967;C(CCC)C1=CC=C(C=C1)O;cmpd97;-4.65907562519;Training;#SAKNAS!;#SAKNAS!;Training;C(CCC)C1=CC=C(C=C1)O;2.7348;20.23;150.221;1.0;11.0;3.0
189;35.0;cmpd181;4-chloro-3.5-dimethylphenol;9;;Training;-4.63815125038;;-4.65;-4.78630250077;-4.69148458372;0.0823281620236227;0.0175484242896937;ClC1=C(C=C(C=C1C)O)C;cmpd181;-4.64407562519;Training;#SAKNAS!;#SAKNAS!;Training;ClC1=C(C=C(C=C1C)O)C;2.66244;20.23;156.612;1.0;10.0;0.0
190;118.0;cmpd203;butyl p-aminobenzoate;38;;Training;-4.60691249412;;-4.61;;-4.60845624706;0.0021831963430257;0.00047373702298203;NC1=CC=C(C(=O)OCCCC)C=C1;cmpd203;-4.60845624706;Training;#SAKNAS!;#SAKNAS!;Training;NC1=CC=C(C(=O)OCCCC)C=C1;2.2257;52.32;193.246;1.0;14.0;4.0
191;126.0;cmpd185;chloroacetonitrile;37;;Training;-4.56066730617;;-4.56;;-4.56033365308;0.000471856717750917;0.000103469779548197;ClCC#N;cmpd185;-4.56033365308;Training;#SAKNAS!;#SAKNAS!;Training;ClCC#N;0.74878;23.79;75.498;0.0;4.0;0.0
192;119.0;cmpd140;butyl paraben;39;;Training;-4.5376020021;;-4.54;;-4.53880100105;0.00169564057562579;0.000373587776867355;C1=CC(=CC=C1C(OCCCC)=O)O;cmpd140;-4.53880100105;Training;#SAKNAS!;#SAKNAS!;Training;C1=CC(=CC=C1C(OCCCC)=O)O;2.3491;46.53;194.23;1.0;14.0;4.0
193;79.0;cmpd144;benzene;29;71-43-2;Training;-4.51097952198;-4.41;-4.35;;-4.42365984066;0.0813544409324089;0.0183907542312899;C1=CC=CC=C1;cmpd144;-4.43048976099;Training;#SAKNAS!;#SAKNAS!;Training;C1=CC=CC=C1;1.6866;0.0;78.114;1.0;6.0;0.0
194;151.0;cmpd175;dichloroacetonitrile;37;;Training;-4.38021124171;;-4.38;;-4.38010562086;0.000149370446748899;0.0000341020193754403;ClC(C#N)Cl;cmpd175;-4.38010562086;Training;#SAKNAS!;#SAKNAS!;Training;ClC(C#N)Cl;1.31368;23.79;109.943;0.0;5.0;0.0
195;113.0;cmpd65;bromochloroacetonitrile;37;;Training;-4.35218251811;;-4.35;;-4.35109125906;0.00154327335660539;0.00035468650614796;BrC(C#N)Cl;cmpd65;-4.35109125906;Training;#SAKNAS!;#SAKNAS!;Training;BrC(C#N)Cl;1.46978;23.79;154.394;0.0;5.0;0.0
196;128.0;cmpd106;chloroform;1;;Training;-4.35218251811;;-4.35;;-4.35109125906;0.00154327335660539;0.00035468650614796;C(Cl)(Cl)Cl;cmpd106;-4.35109125906;Training;#SAKNAS!;#SAKNAS!;Training;C(Cl)(Cl)Cl;1.9864;0.0;119.378;0.0;4.0;0.0
197;149.0;cmpd7;dibromoacetonitrile;37;;Test;-4.32585357939;;-4.33;;-4.32792678969;0.00293196213168271;0.000677451878036428;BrC(C#N)Br;cmpd7;-4.32792678969;Training;#SAKNAS!;#SAKNAS!;Training;BrC(C#N)Br;1.62588;23.79;198.845;0.0;5.0;0.0
198;114.0;cmpd8;bromodichloromethane;1;75-27-4;Test;-4.30102999566;-3.82;-4.3;;-4.14034333189;0.277425941354793;0.0670055401488375;BrC(Cl)Cl;cmpd8;-4.30051499783;Training;#SAKNAS!;#SAKNAS!;Training;BrC(Cl)Cl;2.1425;0.0;163.829;0.0;4.0;0.0
199;127.0;cmpd174;chlorodibromomethane;1;124-48-1;Training;-4.2552725051;-3.78;-4.26;;-4.09842416837;0.275773549406989;0.0672877032922676;ClC(Br)Br;cmpd174;-4.25763625255;Training;#SAKNAS!;#SAKNAS!;Training;ClC(Br)Br;2.2986;0.0;208.28;0.0;4.0;0.0
200;;cmpd281;2-hydroxypropyl nicotinate;in silico;61379-44-0;;;;-8.03;;-8.03;;0;C(C1=CN=CC=C1)(=O)OCC(C)O;cmpd281;-8.03;test;#SAKNAS!;#SAKNAS!;Training;C(C1=CN=CC=C1)(=O)OCC(C)O;0.6192;59.42;181.191;1.0;13.0;3.0
201;;cmpd219;estriol;skin;;;;-7.96;;;-7.96;;0;[C@H]34[C@H]2[C@@H](C1=C(C=C(O)C=C1)CC2)CC[C@@]3([C@@H](O)[C@@H](C4)O)C;cmpd219;-7.96;test;#SAKNAS!;#SAKNAS!;Training;[C@H]34[C@H]2[C@@H](C1=C(C=C(O)C=C1)CC2)CC[C@@]3([C@@H](O)[C@@H](C4)O)C;2.58;60.69;288.387;4.0;21.0;0.0
202;;cmpd399;Diethanolamine;linear;;;;;;-7.93630250077;-7.93630250077;;0;N(CCO)CCO;cmpd399;-7.93630250077;test;#SAKNAS!;#SAKNAS!;Training;N(CCO)CCO;-1.4394;52.49;105.137;0.0;7.0;4.0
203;;cmpd349;atropine;linear;51-55-8;;;;;-7.79630250077;-7.79630250077;;0;C1=CC=CC=C1C(C(OC2CC3N(C)C(C2)CC3)=O)CO;cmpd349;-7.79630250077;test;#SAKNAS!;#SAKNAS!;Training;C1=CC=CC=C1C(C(OC2CC3N(C)C(C2)CC3)=O)CO;1.9309;49.77;289.375;3.0;21.0;4.0
204;;cmpd303;Ethylene glycol;linear;;;;;;-7.62630250077;-7.62630250077;;0;C(CO)O;cmpd303;-7.62630250077;test;#SAKNAS!;#SAKNAS!;Training;C(CO)O;-1.029;40.46;62.068;0.0;4.0;1.0
205;;cmpd241;Formamide;linear;;;;;;-7.62630250077;-7.62630250077;;0;C(=O)N;cmpd241;-7.62630250077;test;#SAKNAS!;#SAKNAS!;Training;C(=O)N;-0.8985;43.09;45.041;0.0;3.0;0.0
206;;cmpd305;Ethanol amine;linear;;;;;;-7.57630250077;-7.57630250077;;0;C(O)CN;cmpd305;-7.57630250077;test;#SAKNAS!;#SAKNAS!;Training;C(O)CN;-1.0626;46.25;61.084;0.0;4.0;1.0
207;;cmpd217;2.3-Butanediol;linear;513-85-9;;;;;-7.46630250077;-7.46630250077;;0;[C@H](O)([C@@H](O)C)C;cmpd217;-7.46630250077;test;#SAKNAS!;#SAKNAS!;Training;[C@H](O)([C@@H](O)C)C;-0.252;40.46;90.122;0.0;6.0;1.0
208;;cmpd339;1.2.4-trihydroxybenzene;skin;533-73-3;;;-7.46;;;-7.46;;0;C1=C(O)C=CC(=C1O)O;cmpd339;-7.46;test;#SAKNAS!;#SAKNAS!;Training;C1=C(O)C=CC(=C1O)O;0.8034;60.69;126.111;1.0;9.0;0.0
209;;cmpd272;2-(2-Ethoxyethoxy)ethanol;linear;;;;;;-7.43630250077;-7.43630250077;;0;C(C)OCCOCCO;cmpd272;-7.43630250077;test;#SAKNAS!;#SAKNAS!;Training;C(C)OCCOCCO;0.0318;38.69;134.175;0.0;9.0;6.0
210;;cmpd283;1-6 Hexanediol diglycidyl ether;linear;16096-31-4;;;;;-7.42630250077;-7.42630250077;;0;C(C1CO1)OCCCCCCOCC2CO2;cmpd283;-7.42630250077;test;#SAKNAS!;#SAKNAS!;Training;C(C1CO1)OCCCCCCOCC2CO2;1.3776;43.52;230.304;2.0;16.0;11.0
211;;cmpd410;Morpholine;linear;;;;;;-7.41630250077;-7.41630250077;;0;O1CCNCC1;cmpd410;-7.41630250077;test;#SAKNAS!;#SAKNAS!;Training;O1CCNCC1;-0.3938;21.26;87.122;1.0;6.0;0.0
212;;cmpd355;Amitrole;linear;;;;;;-7.39630250077;-7.39630250077;;0;C1=N[NH]C(=N1)N;cmpd355;-7.39630250077;test;#SAKNAS!;#SAKNAS!;Training;C1=N[NH]C(=N1)N;-0.6131;67.59;84.082;1.0;6.0;0.0
213;;cmpd394;Monomethylhydrazine;linear;;;;;;-7.30630250077;-7.30630250077;;0;CNN;cmpd394;-7.30630250077;test;#SAKNAS!;#SAKNAS!;Training;CNN;-0.9205;38.05;46.073;0.0;3.0;0.0
214;;cmpd309;Methyl cellosolve;linear;;;;;;-7.28630250077;-7.28630250077;;0;C(OC)CO;cmpd309;-7.28630250077;test;#SAKNAS!;#SAKNAS!;Training;C(OC)CO;-0.3749;29.46;76.095;0.0;5.0;2.0
215;;cmpd398;2(2-Methoxyethoxy)ethanol;linear;;;;;;-7.24630250077;-7.24630250077;;0;COCCOCCO;cmpd398;-7.24630250077;test;#SAKNAS!;#SAKNAS!;Training;COCCOCCO;-0.3583;38.69;120.148;0.0;8.0;5.0
216;;cmpd344;bisoprolol;linear;;;;;;-7.12630250077;-7.12630250077;;0;C1=CC(=CC=C1OCC(CNC(C)C)O)COCCOC(C)C;cmpd344;-7.12630250077;test;#SAKNAS!;#SAKNAS!;Training;C1=CC(=CC=C1OCC(CNC(C)C)O)COCCOC(C)C;2.3659;59.95;325.449;1.0;23.0;12.0
217;;cmpd242;Formic acid;linear;;;;;;-7.07630250077;-7.07630250077;;0;C(=O)O;cmpd242;-7.07630250077;test;#SAKNAS!;#SAKNAS!;Training;C(=O)O;-0.2992;37.3;46.025;0.0;3.0;0.0
218;;cmpd411;Dioxane;linear;;;;;;-7.00630250077;-7.00630250077;;0;O1CCOCC1;cmpd411;-7.00630250077;test;#SAKNAS!;#SAKNAS!;Training;O1CCOCC1;0.0332;18.46;88.106;1.0;6.0;0.0
219;;cmpd282;Epichlorohydrin;linear;;;;;;-6.98630250077;-6.98630250077;;0;C(C1CO1)Cl;cmpd282;-6.98630250077;test;#SAKNAS!;#SAKNAS!;Training;C(C1CO1)Cl;0.624;12.53;92.525;1.0;5.0;1.0
220;;cmpd233;Boric acid;linear;;;;;;-6.85630250077;-6.85630250077;;0;B(O)(O)O;cmpd233;-6.85630250077;test;#SAKNAS!;#SAKNAS!;Training;B(O)(O)O;-2.0518;60.69;61.833;0.0;4.0;0.0
221;;cmpd405;Water;linear;7732-18-5;;;;;-6.85630250077;-6.85630250077;;0;O;cmpd405;-6.85630250077;test;#SAKNAS!;#SAKNAS!;Training;O;-0.8247;31.5;18.015;0.0;1.0;0.0
222;;cmpd363;Acetone;linear;;;;;;-6.84630250077;-6.84630250077;;0;CC(=O)C;cmpd363;-6.84630250077;test;#SAKNAS!;#SAKNAS!;Training;CC(=O)C;0.5953;17.07;58.08;0.0;4.0;0.0
223;;cmpd364;Hydroxy progesterone;linear;;;;;;-6.77630250077;-6.77630250077;;0;CC(=O)C1(CCC2C1(CCC3C2CCC4=CC(=O)CCC34C)C)O;cmpd364;-6.77630250077;test;#SAKNAS!;#SAKNAS!;Training;CC(=O)C1(CCC2C1(CCC3C2CCC4=CC(=O)CCC34C)C)O;3.8384;54.37;330.468;4.0;24.0;1.0
224;;cmpd251;Acetonitrile;linear;;;;;;-6.76630250077;-6.76630250077;;0;C(C)#N;cmpd251;-6.76630250077;test;#SAKNAS!;#SAKNAS!;Training;C(C)#N;0.52988;23.79;41.053;0.0;3.0;0.0
225;;cmpd267;Acetaldehyde;linear;;;;;;-6.70630250077;-6.70630250077;;0;C(C)=O;cmpd267;-6.70630250077;test;#SAKNAS!;#SAKNAS!;Training;C(C)=O;0.2052;17.07;44.053;0.0;3.0;0.0
226;;cmpd259;2-Ethoxyethyl acetate;linear;;;;;;-6.64630250077;-6.64630250077;;0;C(C)(=O)OCCOCC;cmpd259;-6.64630250077;test;#SAKNAS!;#SAKNAS!;Training;C(C)(=O)OCCOCC;0.586;35.53;132.159;0.0;9.0;4.0
227;;cmpd269;Ethylamine;linear;;;;;;-6.64630250077;-6.64630250077;;0;C(C)N;cmpd269;-6.64630250077;test;#SAKNAS!;#SAKNAS!;Training;C(C)N;-0.035;26.02;45.085;0.0;3.0;0.0
228;;cmpd412;4-Hydroxy-4-methyl-2-pentanone;linear;;;;;;-6.62630250077;-6.62630250077;;0;OC(CC(C)=O)(C)C;cmpd412;-6.62630250077;test;#SAKNAS!;#SAKNAS!;Training;OC(CC(C)=O)(C)C;0.7364;37.3;116.16;0.0;8.0;2.0
229;;cmpd240;Acrolein;linear;;;;;;-6.62630250077;-6.62630250077;;0;C(=O)C=C;cmpd240;-6.62630250077;test;#SAKNAS!;#SAKNAS!;Training;C(=O)C=C;0.3713;17.07;56.064;0.0;4.0;1.0
230;;cmpd395;Dipropylene glycol methyl ether;linear;;;;;;-6.62630250077;-6.62630250077;;0;COC(C)COC(C)CO;cmpd395;-6.62630250077;test;#SAKNAS!;#SAKNAS!;Training;COC(C)COC(C)CO;0.4187;38.69;148.202;0.0;10.0;5.0
231;;cmpd243;Methyl formate;linear;;;;;;-6.62630250077;-6.62630250077;;0;C(=O)OC;cmpd243;-6.62630250077;test;#SAKNAS!;#SAKNAS!;Training;C(=O)OC;-0.2108;26.3;60.052;0.0;4.0;1.0
232;;cmpd274;Acrylic acid;linear;;;;;;-6.60630250077;-6.60630250077;;0;C(C=C)(=O)O;cmpd274;-6.60630250077;test;#SAKNAS!;#SAKNAS!;Training;C(C=C)(=O)O;0.257;37.3;72.063;0.0;5.0;1.0
233;;cmpd264;Isopropyl alcohol;linear;;;;;;-6.60630250077;-6.60630250077;;0;C(C)(C)O;cmpd264;-6.60630250077;test;#SAKNAS!;#SAKNAS!;Training;C(C)(C)O;0.3871;20.23;60.096;0.0;4.0;0.0
234;;cmpd359;Propylene oxide;linear;;;;;;-6.60630250077;-6.60630250077;;0;C1OC1C;cmpd359;-6.60630250077;test;#SAKNAS!;#SAKNAS!;Training;C1OC1C;0.4051;12.53;58.08;1.0;4.0;0.0
235;;cmpd253;Methyl acetate;linear;;;;;;-6.59630250077;-6.59630250077;;0;C(C)(=O)OC;cmpd253;-6.59630250077;test;#SAKNAS!;#SAKNAS!;Training;C(C)(=O)OC;0.1793;26.3;74.079;0.0;5.0;0.0
236;;cmpd244;Ethyl formate;linear;;;;;;-6.56630250077;-6.56630250077;;0;C(=O)OCC;cmpd244;-6.56630250077;test;#SAKNAS!;#SAKNAS!;Training;C(=O)OCC;0.1793;26.3;74.079;0.0;5.0;2.0
237;;cmpd278;Allyl alcohol;linear;;;;;;-6.50630250077;-6.50630250077;;0;C(C=C)O;cmpd278;-6.50630250077;test;#SAKNAS!;#SAKNAS!;Training;C(C=C)O;0.1647;20.23;58.08;0.0;4.0;1.0
238;;cmpd250;Propionic acid;linear;1979-09-04;;;;;-6.49630250077;-6.49630250077;;0;C(C(O)=O)C;cmpd250;-6.49630250077;test;#SAKNAS!;#SAKNAS!;Training;C(C(O)=O)C;0.481;37.3;74.079;0.0;5.0;1.0
239;;cmpd236;1.3-Dicyanobenzene;linear;;;;;;-6.48630250077;-6.48630250077;;0;C(#N)C1=CC(=CC=C1)C#N;cmpd236;-6.48630250077;test;#SAKNAS!;#SAKNAS!;Training;C(#N)C1=CC(=CC=C1)C#N;1.42996;47.58;128.134;1.0;10.0;0.0
240;;cmpd216;levosimendan;in silico;;;;;-6.48;;-6.48;;0;[C@@H]1(C(=NNC(C1)=O)C2=CC=C(C=C2)NN=C(C#N)C#N)C;cmpd216;-6.48;test;#SAKNAS!;#SAKNAS!;Training;[C@@H]1(C(=NNC(C1)=O)C2=CC=C(C=C2)NN=C(C#N)C#N)C;1.36176;113.43;280.291;2.0;21.0;3.0
241;;cmpd261;tert-Butyl alcohol;linear;;;;;;-6.47630250077;-6.47630250077;;0;C(C)(C)(C)O;cmpd261;-6.47630250077;test;#SAKNAS!;#SAKNAS!;Training;C(C)(C)(C)O;0.7772;20.23;74.123;0.0;5.0;0.0
242;;cmpd262;Isopropylamine;linear;;;;;;-6.45630250077;-6.45630250077;;0;C(C)(C)N;cmpd262;-6.45630250077;test;#SAKNAS!;#SAKNAS!;Training;C(C)(C)N;0.3535;26.02;59.112;0.0;4.0;0.0
243;;cmpd406;2-Phenoxyethanol;linear;;;;;;-6.43630250077;-6.43630250077;;0;O(C1=CC=CC=C1)CCO;cmpd406;-6.43630250077;test;#SAKNAS!;#SAKNAS!;Training;O(C1=CC=CC=C1)CCO;1.0577;29.46;138.166;1.0;10.0;3.0
244;;cmpd273;Acrylonitrile;linear;;;;;;-6.42630250077;-6.42630250077;;0;C(C=C)#N;cmpd273;-6.42630250077;test;#SAKNAS!;#SAKNAS!;Training;C(C=C)#N;0.69598;23.79;53.064;0.0;4.0;0.0
245;;cmpd319;Phenylglycidyl ether;linear;;;;;;-6.39630250077;-6.39630250077;;0;C1(=CC=CC=C1)OCC2OC2;cmpd319;-6.39630250077;test;#SAKNAS!;#SAKNAS!;Training;C1(=CC=CC=C1)OCC2OC2;1.4642;21.76;150.177;2.0;11.0;3.0
246;;cmpd409;Tetrahydrofuran;linear;;;;;;-6.38630250077;-6.38630250077;;0;O1CCCC1;cmpd409;-6.38630250077;test;#SAKNAS!;#SAKNAS!;Training;O1CCCC1;0.7968;9.23;72.107;1.0;5.0;0.0
247;;cmpd252;Dimethyl acetamide;linear;;;;;;-6.35630250077;-6.35630250077;;0;C(C)(=O)N(C)C;cmpd252;-6.35630250077;test;#SAKNAS!;#SAKNAS!;Training;C(C)(=O)N(C)C;0.0945;20.31;87.122;0.0;6.0;0.0
248;;cmpd271;Diethylamine;linear;;;;;;-6.30630250077;-6.30630250077;;0;C(C)NCC;cmpd271;-6.30630250077;test;#SAKNAS!;#SAKNAS!;Training;C(C)NCC;0.6158;12.03;73.139;0.0;5.0;2.0
249;;cmpd321;Cyclohexanone;linear;;;;;;-6.29630250077;-6.29630250077;;0;C1(CCCCC1)=O;cmpd321;-6.29630250077;test;#SAKNAS!;#SAKNAS!;Training;C1(CCCCC1)=O;1.5196;17.07;98.145;1.0;7.0;0.0
250;;cmpd400;Pyridine;linear;;;;;;-6.29630250077;-6.29630250077;;0;N1=CC=CC=C1;cmpd400;-6.29630250077;test;#SAKNAS!;#SAKNAS!;Training;N1=CC=CC=C1;1.0816;12.89;79.102;1.0;6.0;0.0
251;;cmpd256;Vinyl acetate;linear;;;;;;-6.28630250077;-6.28630250077;;0;C(C)(=O)OC=C;cmpd256;-6.28630250077;test;#SAKNAS!;#SAKNAS!;Training;C(C)(=O)OC=C;0.693;26.3;86.09;0.0;6.0;1.0
252;;cmpd226;p-Dinitrobenzene;linear;;;;;;-6.26630250077;-6.26630250077;;0;[N+](=O)([O-])C1=CC=C(C=C1)[N+](=O)[O-];cmpd226;-6.26630250077;test;#SAKNAS!;#SAKNAS!;Training;[N+](=O)([O-])C1=CC=C(C=C1)[N+](=O)[O-];1.503;86.28;168.108;1.0;12.0;2.0
253;;cmpd220;2-Nitropropane;linear;;;;;;-6.24630250077;-6.24630250077;;0;[N+](=O)([O-])C(C)C;cmpd220;-6.24630250077;test;#SAKNAS!;#SAKNAS!;Training;[N+](=O)([O-])C(C)C;0.6715;43.14;89.094;0.0;6.0;1.0
254;;cmpd225;m-Dinitrobenzene;linear;;;;;;-6.24630250077;-6.24630250077;;0;[N+](=O)([O-])C1=CC(=CC=C1)[N+](=O)[O-];cmpd225;-6.24630250077;test;#SAKNAS!;#SAKNAS!;Training;[N+](=O)([O-])C1=CC(=CC=C1)[N+](=O)[O-];1.503;86.28;168.108;1.0;12.0;2.0
255;;cmpd275;Methyl acrylate;linear;;;;;;-6.23630250077;-6.23630250077;;0;C(C=C)(=O)OC;cmpd275;-6.23630250077;test;#SAKNAS!;#SAKNAS!;Training;C(C=C)(=O)OC;0.3454;26.3;86.09;0.0;6.0;1.0
256;;cmpd230;1-Nitropropane;linear;;;;;;-6.20630250077;-6.20630250077;;0;[N+](=O)([O-])CCC;cmpd230;-6.20630250077;test;#SAKNAS!;#SAKNAS!;Training;[N+](=O)([O-])CCC;0.6731;43.14;89.094;0.0;6.0;2.0
257;;cmpd311;Formaldehyde;linear;;;;;;-6.20630250077;-6.20630250077;;0;C=O;cmpd311;-6.20630250077;test;#SAKNAS!;#SAKNAS!;Training;C=O;-0.1849;17.07;30.026;0.0;2.0;0.0
258;;cmpd247;Isobutanol;linear;;;;;;-6.20630250077;-6.20630250077;;0;C(C(C)C)O;cmpd247;-6.20630250077;test;#SAKNAS!;#SAKNAS!;Training;C(C(C)C)O;0.6347;20.23;74.123;0.0;5.0;1.0
259;;cmpd397;p-Methoxyphenol;linear;;;;;;-6.19630250077;-6.19630250077;;0;COC1=CC=C(C=C1)O;cmpd397;-6.19630250077;test;#SAKNAS!;#SAKNAS!;Training;COC1=CC=C(C=C1)O;1.4008;29.46;124.139;1.0;9.0;1.0
260;;cmpd396;2-Methoxyaniline;linear;;;;;;-6.18630250077;-6.18630250077;;0;COC1=C(N)C=CC=C1;cmpd396;-6.18630250077;test;#SAKNAS!;#SAKNAS!;Training;COC1=C(N)C=CC=C1;1.2774;35.25;123.155;1.0;9.0;1.0
261;;cmpd231;1.2-Propylene glycol dinitrate;linear;;;;;;-6.16630250077;-6.16630250077;;0;[N+](=O)(O)[O-].[N+](=O)(O)[O-].C(C(C)O)O;cmpd231;-6.16630250077;test;#SAKNAS!;#SAKNAS!;Training;[N+](=O)(O)[O-].[N+](=O)(O)[O-].C(C(C)O)O;-1.3359;167.2;202.119;0.0;13.0;1.0
262;;cmpd368;2-Pentanone;linear;;;;;;-6.15630250077;-6.15630250077;;0;CC(CCC)=O;cmpd368;-6.15630250077;test;#SAKNAS!;#SAKNAS!;Training;CC(CCC)=O;1.3755;17.07;86.134;0.0;6.0;2.0
263;;cmpd348;Propoxur;linear;;;;;;-6.14630250077;-6.14630250077;;0;C1=CC=CC(=C1OC(NC)=O)OC(C)C;cmpd348;-6.14630250077;test;#SAKNAS!;#SAKNAS!;Training;C1=CC=CC(=C1OC(NC)=O)OC(C)C;2.192;47.56;209.245;1.0;15.0;3.0
264;;cmpd365;Methyl acrylic acid;linear;;;;;;-6.13630250077;-6.13630250077;;0;CC(C(=O)O)=C;cmpd365;-6.13630250077;test;#SAKNAS!;#SAKNAS!;Training;CC(C(=O)O)=C;0.6471;37.3;86.09;0.0;6.0;1.0
265;;cmpd228;p-Nitroaniline;linear;;;;;;-6.13630250077;-6.13630250077;;0;[N+](=O)([O-])C1=CC=C(N)C=C1;cmpd228;-6.13630250077;test;#SAKNAS!;#SAKNAS!;Training;[N+](=O)([O-])C1=CC=C(N)C=C1;1.177;69.16;138.126;1.0;10.0;1.0
266;;cmpd223;o-Dinitrobenzene;linear;;;;;;-6.10630250077;-6.10630250077;;0;[N+](=O)([O-])C1=C(C=CC=C1)[N+](=O)[O-];cmpd223;-6.10630250077;test;#SAKNAS!;#SAKNAS!;Training;[N+](=O)([O-])C1=C(C=CC=C1)[N+](=O)[O-];1.503;86.28;168.108;1.0;12.0;2.0
267;;cmpd266;sec-Butyl alcohol;linear;;;;;;-6.10630250077;-6.10630250077;;0;C(C)(CC)O;cmpd266;-6.10630250077;test;#SAKNAS!;#SAKNAS!;Training;C(C)(CC)O;0.7772;20.23;74.123;0.0;5.0;1.0
268;;cmpd315;1-(diphenylmethyl)-4-methylpiperazine;linear;;;;;;-6.07630250077;-6.07630250077;;0;C1(=CC=CC=C1)C(N2CCN(CC2)C)C3=CC=CC=C3;cmpd315;-6.07630250077;test;#SAKNAS!;#SAKNAS!;Training;C1(=CC=CC=C1)C(N2CCN(CC2)C)C3=CC=CC=C3;3.0234;6.48;266.388;3.0;20.0;3.0
269;;cmpd318;Phenylhydrazine;linear;;;;;;-6.04630250077;-6.04630250077;;0;C1(=CC=CC=C1)NN;cmpd318;-6.04630250077;test;#SAKNAS!;#SAKNAS!;Training;C1(=CC=CC=C1)NN;0.9722;38.05;108.144;1.0;8.0;1.0
270;;cmpd288;butoxyethanol;in silico;;;;;-6.0;;-6.0;;0;C(CCC)OC(C)O;cmpd288;-6.0;test;#SAKNAS!;#SAKNAS!;Training;C(CCC)OC(C)O;1.1414;29.46;118.176;0.0;8.0;4.0
271;;cmpd214;12-deoxyphorbol 13-isobutyrate;skin;25090-74-8;;;-5.99;;;-5.99;;0;[C@@]24([C@H]([C@@H]1C=C(C[C@]3([C@H]([C@]1([C@@H](C2)C)O)C=C(C)C3=O)O)CO)C4(C)C)OC(=O)C(C)C;cmpd214;-5.99;test;#SAKNAS!;#SAKNAS!;Training;[C@@]24([C@H]([C@@H]1C=C(C[C@]3([C@H]([C@]1([C@@H](C2)C)O)C=C(C)C3=O)O)CO)C4(C)C)OC(=O)C(C)C;2.1662;104.06;418.53;4.0;30.0;3.0
272;;cmpd221;2.4-Dinitrotoluene;linear;;;;;;-5.97630250077;-5.97630250077;;0;[N+](=O)([O-])C1=C(C=CC(=C1)[N+](=O)[O-])C;cmpd221;-5.97630250077;test;#SAKNAS!;#SAKNAS!;Training;[N+](=O)([O-])C1=C(C=CC(=C1)[N+](=O)[O-])C;1.81142;86.28;182.135;1.0;13.0;2.0
273;;cmpd276;Ethyl acrylate;linear;;;;;;-5.94630250077;-5.94630250077;;0;C(C=C)(=O)OCC;cmpd276;-5.94630250077;test;#SAKNAS!;#SAKNAS!;Training;C(C=C)(=O)OCC;0.7355;26.3;100.117;0.0;7.0;2.0
274;;cmpd403;p-Toluidine;linear;;;;;;-5.94630250077;-5.94630250077;;0;NC1=CC=C(C=C1)C;cmpd403;-5.94630250077;test;#SAKNAS!;#SAKNAS!;Training;NC1=CC=C(C=C1)C;1.57722;26.02;107.156;1.0;8.0;0.0
275;;cmpd232;Di-n-butyl phosphate;linear;;;;;;-5.93630250077;-5.93630250077;;0;[P](=O)(OCCCC)(OCCCC)[O-];cmpd232;-5.93630250077;test;#SAKNAS!;#SAKNAS!;Training;[P](=O)(OCCCC)(OCCCC)[O-];2.0882;58.59;209.202;0.0;13.0;8.0
276;;cmpd402;m-Toluidine;linear;;;;;;-5.93630250077;-5.93630250077;;0;NC1=CC(=CC=C1)C;cmpd402;-5.93630250077;test;#SAKNAS!;#SAKNAS!;Training;NC1=CC(=CC=C1)C;1.57722;26.02;107.156;1.0;8.0;0.0
277;;cmpd407;Isophorone;linear;;;;;;-5.91630250077;-5.91630250077;;0;O=C1CC(CC(=C1)C)(C)C;cmpd407;-5.91630250077;test;#SAKNAS!;#SAKNAS!;Training;O=C1CC(CC(=C1)C)(C)C;2.3218;17.07;138.21;1.0;10.0;0.0
278;;cmpd371;1.1.1-Trichloroethane;linear;71-55-6;;;;;-5.90630250077;-5.90630250077;;0;CC(Cl)(Cl)Cl;cmpd371;-5.90630250077;test;#SAKNAS!;#SAKNAS!;Training;CC(Cl)(Cl)Cl;2.3765;0.0;133.405;0.0;5.0;0.0
279;;cmpd369;2-Hexanone;linear;;;;;;-5.90630250077;-5.90630250077;;0;CC(CCCC)=O;cmpd369;-5.90630250077;test;#SAKNAS!;#SAKNAS!;Training;CC(CCCC)=O;1.7656;17.07;100.161;0.0;7.0;3.0
280;;cmpd246;Methyl methacrylate;linear;;;;;;-5.90630250077;-5.90630250077;;0;C(C(=C)C)(=O)OC;cmpd246;-5.90630250077;test;#SAKNAS!;#SAKNAS!;Training;C(C(=C)C)(=O)OC;0.7355;26.3;100.117;0.0;7.0;1.0
281;;cmpd366;4-Methyl-2-pentanol;linear;;;;;;-5.88630250077;-5.88630250077;;0;CC(CC(C)O)C;cmpd366;-5.88630250077;test;#SAKNAS!;#SAKNAS!;Training;CC(CC(C)O)C;1.4133;20.23;102.177;0.0;7.0;2.0
282;;cmpd360;etorphine;skin;;;;-5.88;;;-5.88;;0;C2=CC(=C3OC5C14C6(C(N(CC1)C)CC2=C34)CC(C5(OC)C=C6)C(O)(CCC)C)O;cmpd360;-5.88;test;#SAKNAS!;#SAKNAS!;Training;C2=CC(=C3OC5C14C6(C(N(CC1)C)CC2=C34)CC(C5(OC)C=C6)C(O)(CCC)C)O;3.1636;62.16;411.542;7.0;30.0;4.0
283;;cmpd280;Diethyl phthalate;linear;;;;;;-5.87630250077;-5.87630250077;;0;C(C1=CC=CC=C1C(=O)OCC)(=O)OCC;cmpd280;-5.87630250077;test;#SAKNAS!;#SAKNAS!;Training;C(C1=CC=CC=C1C(=O)OCC)(=O)OCC;2.04;52.6;222.24;1.0;16.0;4.0
284;;cmpd270;Triethylamine;linear;;;;;;-5.86630250077;-5.86630250077;;0;C(C)N(CC)CC;cmpd270;-5.86630250077;test;#SAKNAS!;#SAKNAS!;Training;C(C)N(CC)CC;1.3481;3.24;101.193;0.0;7.0;3.0
285;;cmpd391;2-Chloroacetophenone;linear;;;;;;-5.84630250077;-5.84630250077;;0;ClCC(=O)C1=CC=CC=C1;cmpd391;-5.84630250077;test;#SAKNAS!;#SAKNAS!;Training;ClCC(=O)C1=CC=CC=C1;2.1081;17.07;154.596;1.0;10.0;2.0
286;;cmpd268;Ethyl bromide;linear;;;;;;-5.79630250077;-5.79630250077;;0;C(C)Br;cmpd268;-5.79630250077;test;#SAKNAS!;#SAKNAS!;Training;C(C)Br;1.4012;0.0;108.966;0.0;3.0;0.0
287;;cmpd322;Cyclohexanol;linear;;;;;;-5.76630250077;-5.76630250077;;0;C1(CCCCC1)O;cmpd322;-5.76630250077;test;#SAKNAS!;#SAKNAS!;Training;C1(CCCCC1)O;1.3114;20.23;100.161;1.0;7.0;0.0
288;;cmpd255;sec-Butyl acetate;linear;;;;;;-5.76630250077;-5.76630250077;;0;C(C)(=O)OC(C)CC;cmpd255;-5.76630250077;test;#SAKNAS!;#SAKNAS!;Training;C(C)(=O)OC(C)CC;1.348;26.3;116.16;0.0;8.0;2.0
289;;cmpd254;tert-Butyl acetate;linear;;;;;;-5.73630250077;-5.73630250077;;0;C(C)(=O)OC(C)(C)C;cmpd254;-5.73630250077;test;#SAKNAS!;#SAKNAS!;Training;C(C)(=O)OC(C)(C)C;1.348;26.3;116.16;0.0;8.0;0.0
290;;cmpd367;5-Methyl-2-hexanone;linear;;;;;;-5.63630250077;-5.63630250077;;0;CC(CCC(C)=O)C;cmpd367;-5.63630250077;test;#SAKNAS!;#SAKNAS!;Training;CC(CCC(C)=O)C;2.0116;17.07;114.188;0.0;8.0;3.0
291;;cmpd380;1.1-Dichloroethane;linear;;;;;;-5.60630250077;-5.60630250077;;0;ClC(C)Cl;cmpd380;-5.60630250077;test;#SAKNAS!;#SAKNAS!;Training;ClC(C)Cl;1.81;0.0;98.96;0.0;4.0;0.0
292;;cmpd374;Methylhydroxybenzoate;linear;;;;;;-5.59630250077;-5.59630250077;;0;CC1=CC=CC(=C1O)C(=O)[O-];cmpd374;-5.59630250077;test;#SAKNAS!;#SAKNAS!;Training;CC1=CC=CC(=C1O)C(=O)[O-];0.06412;60.36;151.141;1.0;11.0;1.0
293;;cmpd392;1.2.3-Trichloropropane;linear;;;;;;-5.56630250077;-5.56630250077;;0;ClCC(CCl)Cl;cmpd392;-5.56630250077;test;#SAKNAS!;#SAKNAS!;Training;ClCC(CCl)Cl;2.0714;0.0;147.432;0.0;6.0;2.0
294;;cmpd382;1.3-Dichloropropene;linear;;;;;;-5.55630250077;-5.55630250077;;0;ClC=CCCl;cmpd382;-5.55630250077;test;#SAKNAS!;#SAKNAS!;Training;ClC=CCCl;1.9777;0.0;110.971;0.0;5.0;1.0
295;;cmpd370;2-Heptanone;linear;;;;;;-5.55630250077;-5.55630250077;;0;CC(CCCCC)=O;cmpd370;-5.55630250077;test;#SAKNAS!;#SAKNAS!;Training;CC(CCCCC)=O;2.1557;17.07;114.188;0.0;8.0;4.0
296;;cmpd304;atrazine;linear;;;;;;-5.55630250077;-5.55630250077;;0;C(NC1=NC(=NC(=N1)Cl)NC(C)C)C;cmpd304;-5.55630250077;test;#SAKNAS!;#SAKNAS!;Training;C(NC1=NC(=NC(=N1)Cl)NC(C)C)C;1.7771;62.73;215.688;1.0;14.0;4.0
297;;cmpd277;Butyl acrylate;linear;;;;;;-5.55630250077;-5.55630250077;;0;C(C=C)(=O)OCCCC;cmpd277;-5.55630250077;test;#SAKNAS!;#SAKNAS!;Training;C(C=C)(=O)OCCCC;1.5157;26.3;128.171;0.0;9.0;4.0
298;;cmpd299;Ethylene dichloride;linear;;;;;;-5.55630250077;-5.55630250077;;0;C(CCl)Cl;cmpd299;-5.55630250077;test;#SAKNAS!;#SAKNAS!;Training;C(CCl)Cl;1.464;0.0;98.96;0.0;4.0;1.0
299;;cmpd284;Isoamyl alcohol;linear;;;;;;-5.55630250077;-5.55630250077;;0;C(CC(C)C)O;cmpd284;-5.55630250077;test;#SAKNAS!;#SAKNAS!;Training;C(CC(C)C)O;1.0248;20.23;88.15;0.0;6.0;2.0
300;;cmpd248;Propylene dichloride;linear;;;;;;-5.55630250077;-5.55630250077;;0;C(C(C)Cl)Cl;cmpd248;-5.55630250077;test;#SAKNAS!;#SAKNAS!;Training;C(C(C)Cl)Cl;1.8525;0.0;112.987;0.0;5.0;1.0
301;;cmpd383;1.2-Dichloroethylene;linear;;;;;;-5.54630250077;-5.54630250077;;0;ClC=CCl;cmpd383;-5.54630250077;test;#SAKNAS!;#SAKNAS!;Training;ClC=CCl;1.9352;0.0;96.944;0.0;4.0;0.0
302;;cmpd356;Camphor;linear;;;;;;-5.54630250077;-5.54630250077;;0;C12(CCC(CC1=O)C2(C)C)C;cmpd356;-5.54630250077;test;#SAKNAS!;#SAKNAS!;Training;C12(CCC(CC1=O)C2(C)C)C;2.4017;17.07;152.237;2.0;11.0;0.0
303;;cmpd389;p-Chlorobenzene;linear;;;;;;-5.53630250077;-5.53630250077;;0;ClC1=CC=CC=C1;cmpd389;-5.53630250077;test;#SAKNAS!;#SAKNAS!;Training;ClC1=CC=CC=C1;2.34;0.0;112.559;1.0;7.0;0.0
304;;cmpd224;o-Nitrotoluene;linear;;;;;;-5.47630250077;-5.47630250077;;0;[N+](=O)([O-])C1=C(C=CC=C1)C;cmpd224;-5.47630250077;test;#SAKNAS!;#SAKNAS!;Training;[N+](=O)([O-])C1=C(C=CC=C1)C;1.90322;43.14;137.138;1.0;10.0;1.0
305;;cmpd239;trichloroethylene;linear;1979-01-06;;;;;-5.47630250077;-5.47630250077;;0;C(=CCl)(Cl)Cl;cmpd239;-5.47630250077;test;#SAKNAS!;#SAKNAS!;Training;C(=CCl)(Cl)Cl;2.5017;0.0;131.389;0.0;5.0;0.0
306;;cmpd401;Xylidine;linear;;;;;;-5.47630250077;-5.47630250077;;0;NC1=C(C(=CC=C1)C)C;cmpd401;-5.47630250077;test;#SAKNAS!;#SAKNAS!;Training;NC1=C(C(=CC=C1)C)C;1.88564;26.02;121.183;1.0;9.0;0.0
307;;cmpd257;Isoamyl acetate;linear;;;;;;-5.46630250077;-5.46630250077;;0;C(C)(=O)OCCC(C)C;cmpd257;-5.46630250077;test;#SAKNAS!;#SAKNAS!;Training;C(C)(=O)OCCC(C)C;1.5956;26.3;130.187;0.0;9.0;3.0
308;;cmpd249;nitroglycerine;skin;55-63-0;;;-5.44;;;-5.44;;0;C(C(CO[N+](=O)[O-])O[N+](=O)[O-])O[N+](=O)[O-];cmpd249;-5.44;test;#SAKNAS!;#SAKNAS!;Training;C(C(CO[N+](=O)[O-])O[N+](=O)[O-])O[N+](=O)[O-];-1.0201;157.11;227.085;0.0;15.0;8.0
309;;cmpd227;p-Nitrotoluene;linear;;;;;;-5.42630250077;-5.42630250077;;0;[N+](=O)([O-])C1=CC=C(C=C1)C;cmpd227;-5.42630250077;test;#SAKNAS!;#SAKNAS!;Training;[N+](=O)([O-])C1=CC=C(C=C1)C;1.90322;43.14;137.138;1.0;10.0;1.0
310;;cmpd279;Benzyl chloride;linear;;;;;;-5.41630250077;-5.41630250077;;0;C(C1=CC=CC=C1)Cl;cmpd279;-5.41630250077;test;#SAKNAS!;#SAKNAS!;Training;C(C1=CC=CC=C1)Cl;2.4254;0.0;126.586;1.0;8.0;1.0
311;;cmpd307;n-Amyl acetate;linear;;;;;;-5.40630250077;-5.40630250077;;0;C(OC(C)=O)CCCC;cmpd307;-5.40630250077;test;#SAKNAS!;#SAKNAS!;Training;C(OC(C)=O)CCCC;1.7397;26.3;130.187;0.0;9.0;4.0
312;;cmpd229;m-Nitrotoluene;linear;;;;;;-5.37630250077;-5.37630250077;;0;[N+](=O)([O-])C1=CC=CC(=C1)C;cmpd229;-5.37630250077;test;#SAKNAS!;#SAKNAS!;Training;[N+](=O)([O-])C1=CC=CC(=C1)C;1.90322;43.14;137.138;1.0;10.0;1.0
313;;cmpd378;1.1-Dichloroethylene;linear;;;;;;-5.35630250077;-5.35630250077;;0;ClC(=C)Cl;cmpd378;-5.35630250077;test;#SAKNAS!;#SAKNAS!;Training;ClC(=C)Cl;1.9352;0.0;96.944;0.0;4.0;0.0
314;;cmpd373;3-Methylbenzyl alcohol;linear;;;;;;-5.33630250077;-5.33630250077;;0;CC1=CC=CC(=C1)CO;cmpd373;-5.33630250077;test;#SAKNAS!;#SAKNAS!;Training;CC1=CC=CC(=C1)CO;1.48732;20.23;122.167;1.0;9.0;1.0
315;;cmpd263;N-Isopropylaniline;linear;;;;;;-5.30630250077;-5.30630250077;;0;C(C)(C)NC1=CC=CC=C1;cmpd263;-5.30630250077;test;#SAKNAS!;#SAKNAS!;Training;C(C)(C)NC1=CC=CC=C1;2.5069;12.03;135.21;1.0;10.0;2.0
316;;cmpd357;4-Florophenol;linear;;;;;;-5.27630250077;-5.27630250077;;0;c1c(O)ccc(F)c1;cmpd357;-5.27630250077;test;#SAKNAS!;#SAKNAS!;Training;c1c(O)ccc(F)c1;1.5313;20.23;112.103;1.0;8.0;0.0
317;;cmpd393;N.N-Dimethyl aniline;linear;;;;;;-5.25630250077;-5.25630250077;;0;CN(C1=CC=CC=C1)C;cmpd393;-5.25630250077;test;#SAKNAS!;#SAKNAS!;Training;CN(C1=CC=CC=C1)C;1.7526;3.24;121.183;1.0;9.0;1.0
318;;cmpd245;Carbon disulfide;linear;;;;;;-5.22630250077;-5.22630250077;;0;C(=S)=S;cmpd245;-5.22630250077;test;#SAKNAS!;#SAKNAS!;Training;C(=S)=S;1.0181;0.0;76.145;0.0;3.0;0.0
319;;cmpd340;8-methoxypsoralen;linear;298-81-7;;;;;-5.11630250077;-5.11630250077;;0;C1=C3C(=C(C2=C1C=CO2)OC)OC(=O)C=C3;cmpd340;-5.11630250077;test;#SAKNAS!;#SAKNAS!;Training;C1=C3C(=C(C2=C1C=CO2)OC)OC(=O)C=C3;2.5478;52.58;216.192;3.0;16.0;1.0
320;;cmpd320;Naphthol;linear;;;;;;-5.10630250077;-5.10630250077;;0;C1(=CC=CC2=CC=CC=C12)O;cmpd320;-5.10630250077;test;#SAKNAS!;#SAKNAS!;Training;C1(=CC=CC2=CC=CC=C12)O;2.5454;20.23;144.173;2.0;11.0;0.0
321;;cmpd352;Cyclopentadiene;linear;;;;;;-5.07630250077;-5.07630250077;;0;C1=CC=CC1;cmpd352;-5.07630250077;test;#SAKNAS!;#SAKNAS!;Training;C1=CC=CC1;1.5025;0.0;66.103;1.0;5.0;0.0
322;;cmpd289;2-heptanol;linear;543-49-7;;;;;-5.03630250077;-5.03630250077;;0;C(CCCC)C(C)O;cmpd289;-5.03630250077;test;#SAKNAS!;#SAKNAS!;Training;C(CCCC)C(C)O;1.9475;20.23;116.204;0.0;8.0;4.0
323;;cmpd372;3.5-Dimethylphenol;linear;;;;;;-5.03630250077;-5.03630250077;;0;CC1=CC(=CC(=C1)O)C;cmpd372;-5.03630250077;test;#SAKNAS!;#SAKNAS!;Training;CC1=CC(=CC(=C1)O)C;2.00904;20.23;122.167;1.0;9.0;0.0
324;;cmpd238;Chloroprene;linear;;;;;;-5.02630250077;-5.02630250077;;0;C(=C)(C=C)Cl;cmpd238;-5.02630250077;test;#SAKNAS!;#SAKNAS!;Training;C(=C)(C=C)Cl;1.9249;0.0;88.537;0.0;5.0;1.0
325;;cmpd379;Hexachloroethane;linear;;;;;;-4.95630250077;-4.95630250077;;0;ClC(C(Cl)(Cl)Cl)(Cl)Cl;cmpd379;-4.95630250077;test;#SAKNAS!;#SAKNAS!;Training;ClC(C(Cl)(Cl)Cl)(Cl)Cl;3.7268;0.0;236.74;0.0;8.0;0.0
326;;cmpd361;Indene;linear;;;;;;-4.91630250077;-4.91630250077;;0;C2C1=CC=CC=C1C=C2;cmpd361;-4.91630250077;test;#SAKNAS!;#SAKNAS!;Training;C2C1=CC=CC=C1C=C2;2.2559;0.0;116.163;2.0;9.0;0.0
327;;cmpd234;3-Bromophenol;linear;;;;;;-4.90630250077;-4.90630250077;;0;BrC1=CC=CC(=C1)O;cmpd234;-4.90630250077;test;#SAKNAS!;#SAKNAS!;Training;BrC1=CC=CC(=C1)O;2.1547;20.23;173.009;1.0;8.0;0.0
328;;cmpd237;tetrachloroethylene;linear;127-18-4;;;;;-4.85630250077;-4.85630250077;;0;C(=C(Cl)Cl)(Cl)Cl;cmpd237;-4.85630250077;test;#SAKNAS!;#SAKNAS!;Training;C(=C(Cl)Cl)(Cl)Cl;3.0682;0.0;165.834;0.0;6.0;0.0
329;;cmpd331;3-phenylpropanol;linear;122-97-4;;;;;-4.83630250077;-4.83630250077;;0;C1=C(C=CC=C1)CCCO;cmpd331;-4.83630250077;test;#SAKNAS!;#SAKNAS!;Training;C1=C(C=CC=C1)CCCO;1.6115;20.23;136.194;1.0;10.0;3.0
330;;cmpd260;4-tert-Butyl catechol;linear;;;;;;-4.83630250077;-4.83630250077;;0;C(C)(C)(C)C1=CC=C(C(=C1)O)O;cmpd260;-4.83630250077;test;#SAKNAS!;#SAKNAS!;Training;C(C)(C)(C)C1=CC=C(C(=C1)O)O;2.3953;40.46;166.22;1.0;12.0;0.0
331;;cmpd317;Diphenylamine;linear;;;;;;-4.82630250077;-4.82630250077;;0;C1(=CC=CC=C1)NC2=CC=CC=C2;cmpd317;-4.82630250077;test;#SAKNAS!;#SAKNAS!;Training;C1(=CC=CC=C1)NC2=CC=CC=C2;3.4302;12.03;169.227;2.0;13.0;2.0
332;;cmpd387;4-Chlorocresol;linear;;;;;;-4.81630250077;-4.81630250077;;0;ClC1=CC=C(C(=C1)C)O;cmpd387;-4.81630250077;test;#SAKNAS!;#SAKNAS!;Training;ClC1=CC=C(C(=C1)C)O;2.35402;20.23;142.585;1.0;9.0;0.0
333;;cmpd265;o-sec-Butylphenol;linear;;;;;;-4.78630250077;-4.78630250077;;0;C(C)(CC)C1=C(C=CC=C1)O;cmpd265;-4.78630250077;test;#SAKNAS!;#SAKNAS!;Training;C(C)(CC)C1=C(C=CC=C1)O;2.9057;20.23;150.221;1.0;11.0;2.0
334;;cmpd358;hydrocortisone octanoate;skin;;;;-4.77;;;-4.77;;0;C1CC(=O)C=C2CC[C@]3([C@@]4(CC[C@@](C(=O)COC(CCCCCCC)=O)(O)[C@@]4(C)C[C@@H](O)[C@@]3([C@@]12C)[H])[H])[H];cmpd358;-4.77;test;#SAKNAS!;#SAKNAS!;Training;C1CC(=O)C=C2CC[C@]3([C@@]4(CC[C@@](C(=O)COC(CCCCCCC)=O)(O)[C@@]4(C)C[C@@H](O)[C@@]3([C@@]12C)[H])[H])[H];4.693;100.9;488.665;4.0;35.0;9.0
335;;cmpd354;Cyclohexene;linear;;;;;;-4.74630250077;-4.74630250077;;0;C1=CCCCC1;cmpd354;-4.74630250077;test;#SAKNAS!;#SAKNAS!;Training;C1=CCCCC1;2.1166;0.0;82.146;1.0;6.0;0.0
336;;cmpd335;4-phenylbutanol;linear;3360-41-6;;;;;-4.73630250077;-4.73630250077;;0;C1=C(CCCCO)C=CC=C1;cmpd335;-4.73630250077;test;#SAKNAS!;#SAKNAS!;Training;C1=C(CCCCO)C=CC=C1;2.0016;20.23;150.221;1.0;11.0;4.0
337;;cmpd386;o-Dichlorobenzene;linear;;;;;;-4.73630250077;-4.73630250077;;0;ClC1=C(C=CC=C1)Cl;cmpd386;-4.73630250077;test;#SAKNAS!;#SAKNAS!;Training;ClC1=C(C=CC=C1)Cl;2.9934;0.0;147.004;1.0;8.0;0.0
338;;cmpd388;p-Dichlorobenzene;linear;;;;;;-4.72630250077;-4.72630250077;;0;ClC1=CC=C(C=C1)Cl;cmpd388;-4.72630250077;test;#SAKNAS!;#SAKNAS!;Training;ClC1=CC=C(C=C1)Cl;2.9934;0.0;147.004;1.0;8.0;0.0
339;;cmpd353;Naphthalene;linear;;;;;;-4.71630250077;-4.71630250077;;0;C1=CC=CC2=CC=CC=C12;cmpd353;-4.71630250077;test;#SAKNAS!;#SAKNAS!;Training;C1=CC=CC2=CC=CC=C12;2.8398;0.0;128.174;2.0;10.0;0.0
340;;cmpd351;Ethyl benzene;linear;100-41-4;;;;;-4.70630250077;-4.70630250077;;0;C1=CC=CC=C1CC;cmpd351;-4.70630250077;test;#SAKNAS!;#SAKNAS!;Training;C1=CC=CC=C1CC;2.249;0.0;106.168;1.0;8.0;1.0
341;;cmpd313;p-Xylene;linear;;;;;;-4.68630250077;-4.68630250077;;0;C1(=CC=C(C=C1)C)C;cmpd313;-4.68630250077;test;#SAKNAS!;#SAKNAS!;Training;C1(=CC=C(C=C1)C)C;2.30344;0.0;106.168;1.0;8.0;0.0
342;;cmpd312;3-xylene;linear;;;;;;-4.65630250077;-4.65630250077;;0;C1(=CC(=CC=C1)C)C;cmpd312;-4.65630250077;test;#SAKNAS!;#SAKNAS!;Training;C1(=CC(=CC=C1)C)C;2.30344;0.0;106.168;1.0;8.0;0.0
343;;cmpd385;o-Chlorotoluene;linear;;;;;;-4.61630250077;-4.61630250077;;0;ClC1=C(C=CC=C1)C;cmpd385;-4.61630250077;test;#SAKNAS!;#SAKNAS!;Training;ClC1=C(C=CC=C1)C;2.64842;0.0;126.586;1.0;8.0;0.0
344;;cmpd330;6-phenylhexanol;linear;2430-16-2;;;;;-4.55630250077;-4.55630250077;;0;C1=C(C=CC=C1)CCCCCCO;cmpd330;-4.55630250077;test;#SAKNAS!;#SAKNAS!;Training;C1=C(C=CC=C1)CCCCCCO;2.7818;20.23;178.275;1.0;13.0;6.0
345;;cmpd285;Propylbenzene;linear;;;;;;-4.53630250077;-4.53630250077;;0;C(CC)C1=CC=CC=C1;cmpd285;-4.53630250077;test;#SAKNAS!;#SAKNAS!;Training;C(CC)C1=CC=CC=C1;2.6391;0.0;120.195;1.0;9.0;2.0
346;;cmpd341;5-phenylpentanol;skin;10521-91-2;;;-4.53;;;-4.53;;0;C1=CC(=CC=C1)CCCCCO;cmpd341;-4.53;test;#SAKNAS!;#SAKNAS!;Training;C1=CC(=CC=C1)CCCCCO;2.3917;20.23;164.248;1.0;12.0;5.0
347;;cmpd377;Hexachlorobutadiene;linear;;;;;;-4.47630250077;-4.47630250077;;0;ClC(=C(C(=C(Cl)Cl)Cl)Cl)Cl;cmpd377;-4.47630250077;test;#SAKNAS!;#SAKNAS!;Training;ClC(=C(C(=C(Cl)Cl)Cl)Cl)Cl;4.7574;0.0;260.762;0.0;10.0;1.0
348;;cmpd314;Cumene;linear;;;;;;-4.40630250077;-4.40630250077;;0;C1(=CC=CC=C1)C(C)C;cmpd314;-4.40630250077;test;#SAKNAS!;#SAKNAS!;Training;C1(=CC=CC=C1)C(C)C;2.81;0.0;120.195;1.0;9.0;1.0
349;;cmpd316;Biphenyl;linear;;;;;;-4.39630250077;-4.39630250077;;0;C1(=CC=CC=C1)C2=CC=CC=C2;cmpd316;-4.39630250077;test;#SAKNAS!;#SAKNAS!;Training;C1(=CC=CC=C1)C2=CC=CC=C2;3.3536;0.0;154.212;2.0;12.0;1.0
350;;cmpd235;Bromobenzene;linear;;;;;;-4.39630250077;-4.39630250077;;0;BrC1=CC=CC=C1;cmpd235;-4.39630250077;test;#SAKNAS!;#SAKNAS!;Training;BrC1=CC=CC=C1;2.4491;0.0;157.01;1.0;7.0;0.0
351;;cmpd375;Methylcyclohexane;linear;;;;;;-4.31630250077;-4.31630250077;;0;CC1CCCCC1;cmpd375;-4.31630250077;test;#SAKNAS!;#SAKNAS!;Training;CC1CCCCC1;2.5866;0.0;98.189;1.0;7.0;0.0
352;;cmpd325;2-nitrophenol;skin;88-75-5;;;-4.08;;;-4.08;;0;C1=C(C(=CC=C1)O)[N+](=O)[O-];cmpd325;-4.08;test;#SAKNAS!;#SAKNAS!;Training;C1=C(C(=CC=C1)O)[N+](=O)[O-];1.3004;63.37;139.11;1.0;10.0;1.0
353;;cmpd350;styrene;skin;100-42-5;;;-3.75;;;-3.75;;0;C1=CC=CC=C1C=C;cmpd350;-3.75;test;#SAKNAS!;#SAKNAS!;Training;C1=CC=CC=C1C=C;2.3296;0.0;104.152;1.0;8.0;1.0
354;;cmpd215;Fluocinonide;linear;356-12-7;;;;;-6.32630250077;-6.32630250077;;0;[C@@]45([C@@]3([C@H]([C@H]2[C@]([C@@]1(C(=CC(=O)C=C1)[C@H](C2)F)C)(F)[C@H](C3)O)C[C@H]4OC(O5)(C)C)C)C(COC(C)=O)=O;cmpd215;-6.32630250077;test;#SAKNAS!;#SAKNAS!;Training;[C@@]45([C@@]3([C@H]([C@H]2[C@]([C@@]1(C(=CC(=O)C=C1)[C@H](C2)F)C)(F)[C@H](C3)O)C[C@H]4OC(O5)(C)C)C)C(COC(C)=O)=O;2.9376;99.13;494.531;5.0;35.0;3.0
